target,source,n_shared,kendalltau,similarity_score
112c125g_10-4-4-tpcc-nan,12c16g_10-4-4-tpcc-nan,582,0.533965,0.766983
112c125g_10-4-4-tpcc-nan,12c16g_100-4-4-tpcc-nan,582,0.398695,0.699348
112c125g_10-4-4-tpcc-nan,12c16g_50-4-4-tpcc-nan,582,0.401636,0.700818
112c125g_10-4-4-tpcc-nan,12c16g_64-100000-4-oltp_read_only-0.2,582,0.342325,0.671162
112c125g_10-4-4-tpcc-nan,12c16g_64-100000-4-oltp_read_only-0.6,582,0.340729,0.670365
112c125g_10-4-4-tpcc-nan,12c16g_64-100000-4-oltp_read_only-1.0,582,0.308411,0.654206
112c125g_10-4-4-tpcc-nan,12c16g_64-100000-4-oltp_read_write_20-0.2,582,0.487034,0.743517
112c125g_10-4-4-tpcc-nan,12c16g_64-100000-4-oltp_read_write_20-0.6,582,0.47793,0.738965
112c125g_10-4-4-tpcc-nan,12c16g_64-100000-4-oltp_read_write_20-1.0,582,0.218882,0.609441
112c125g_10-4-4-tpcc-nan,12c16g_64-100000-4-oltp_read_write_5-0.2,582,0.456359,0.728179
112c125g_10-4-4-tpcc-nan,12c16g_64-100000-4-oltp_read_write_5-0.6,582,0.41066,0.70533
112c125g_10-4-4-tpcc-nan,12c16g_64-100000-4-oltp_read_write_5-1.0,582,0.264961,0.632481
112c125g_10-4-4-tpcc-nan,12c16g_64-100000-4-oltp_read_write_50-0.2,582,0.428824,0.714412
112c125g_10-4-4-tpcc-nan,12c16g_64-100000-4-oltp_read_write_50-0.6,582,0.3994,0.6997
112c125g_10-4-4-tpcc-nan,12c16g_64-100000-4-oltp_read_write_50-1.0,582,0.200021,0.60001
112c125g_10-4-4-tpcc-nan,12c16g_64-100000-4-oltp_read_write_80-0.2,582,0.37168,0.68584
112c125g_10-4-4-tpcc-nan,12c16g_64-100000-4-oltp_read_write_80-0.6,582,0.395078,0.697539
112c125g_10-4-4-tpcc-nan,12c16g_64-100000-4-oltp_read_write_80-1.0,582,0.244705,0.622353
112c125g_10-4-4-tpcc-nan,12c16g_64-100000-4-oltp_read_write_95-0.2,582,0.343863,0.671931
112c125g_10-4-4-tpcc-nan,12c16g_64-100000-4-oltp_read_write_95-0.6,582,0.345893,0.672947
112c125g_10-4-4-tpcc-nan,12c16g_64-100000-4-oltp_read_write_95-1.0,582,0.306247,0.653124
112c125g_10-4-4-tpcc-nan,12c16g_64-100000-4-oltp_write_only-0.2,582,0.266906,0.633453
112c125g_10-4-4-tpcc-nan,12c16g_64-100000-4-oltp_write_only-0.6,582,0.175466,0.587733
112c125g_10-4-4-tpcc-nan,12c16g_64-100000-4-oltp_write_only-1.0,582,0.125397,0.562699
112c125g_10-4-4-tpcc-nan,12c16g_64-1000000-4-oltp_read_only-0.2,582,0.320547,0.660274
112c125g_10-4-4-tpcc-nan,12c16g_64-1000000-4-oltp_read_only-0.6,582,0.289244,0.644622
112c125g_10-4-4-tpcc-nan,12c16g_64-1000000-4-oltp_read_only-1.0,582,0.311013,0.655506
112c125g_10-4-4-tpcc-nan,12c16g_64-1000000-4-oltp_read_write_20-0.2,582,0.408739,0.704369
112c125g_10-4-4-tpcc-nan,12c16g_64-1000000-4-oltp_read_write_20-0.6,582,0.409574,0.704787
112c125g_10-4-4-tpcc-nan,12c16g_64-1000000-4-oltp_read_write_20-1.0,582,0.447026,0.723513
112c125g_10-4-4-tpcc-nan,12c16g_64-1000000-4-oltp_read_write_5-0.2,582,0.365045,0.682523
112c125g_10-4-4-tpcc-nan,12c16g_64-1000000-4-oltp_read_write_5-0.6,582,0.344363,0.672181
112c125g_10-4-4-tpcc-nan,12c16g_64-1000000-4-oltp_read_write_5-1.0,582,0.276465,0.638232
112c125g_10-4-4-tpcc-nan,12c16g_64-1000000-4-oltp_read_write_50-0.2,582,0.310373,0.655187
112c125g_10-4-4-tpcc-nan,12c16g_64-1000000-4-oltp_read_write_50-0.6,582,0.365852,0.682926
112c125g_10-4-4-tpcc-nan,12c16g_64-1000000-4-oltp_read_write_50-1.0,582,0.399779,0.699889
112c125g_10-4-4-tpcc-nan,12c16g_64-1000000-4-oltp_read_write_80-0.2,582,0.249498,0.624749
112c125g_10-4-4-tpcc-nan,12c16g_64-1000000-4-oltp_read_write_80-0.6,582,0.319656,0.659828
112c125g_10-4-4-tpcc-nan,12c16g_64-1000000-4-oltp_read_write_80-1.0,582,0.324947,0.662473
112c125g_10-4-4-tpcc-nan,12c16g_64-1000000-4-oltp_read_write_95-0.2,582,0.287912,0.643956
112c125g_10-4-4-tpcc-nan,12c16g_64-1000000-4-oltp_read_write_95-0.6,582,0.319799,0.659899
112c125g_10-4-4-tpcc-nan,12c16g_64-1000000-4-oltp_read_write_95-1.0,582,0.317505,0.658753
112c125g_10-4-4-tpcc-nan,12c16g_64-1000000-4-oltp_write_only-0.2,582,0.304687,0.652343
112c125g_10-4-4-tpcc-nan,12c16g_64-1000000-4-oltp_write_only-0.6,582,0.367981,0.68399
112c125g_10-4-4-tpcc-nan,12c16g_64-1000000-4-oltp_write_only-1.0,582,0.204164,0.602082
112c125g_10-4-4-tpcc-nan,16c24g_10-4-4-tpcc-nan,643,0.439653,0.719827
112c125g_10-4-4-tpcc-nan,16c24g_100-4-4-tpcc-nan,643,0.322605,0.661303
112c125g_10-4-4-tpcc-nan,16c24g_50-4-4-tpcc-nan,643,0.361134,0.680567
112c125g_10-4-4-tpcc-nan,16c24g_64-100000-4-oltp_read_only-0.2,643,0.297319,0.648659
112c125g_10-4-4-tpcc-nan,16c24g_64-100000-4-oltp_read_only-0.6,643,0.310341,0.655171
112c125g_10-4-4-tpcc-nan,16c24g_64-100000-4-oltp_read_only-1.0,643,0.328608,0.664304
112c125g_10-4-4-tpcc-nan,16c24g_64-100000-4-oltp_read_write_20-0.2,643,0.4743,0.73715
112c125g_10-4-4-tpcc-nan,16c24g_64-100000-4-oltp_read_write_20-0.6,643,0.479007,0.739503
112c125g_10-4-4-tpcc-nan,16c24g_64-100000-4-oltp_read_write_20-1.0,643,0.207531,0.603765
112c125g_10-4-4-tpcc-nan,16c24g_64-100000-4-oltp_read_write_5-0.2,643,0.437826,0.718913
112c125g_10-4-4-tpcc-nan,16c24g_64-100000-4-oltp_read_write_5-0.6,643,0.358984,0.679492
112c125g_10-4-4-tpcc-nan,16c24g_64-100000-4-oltp_read_write_5-1.0,643,0.229126,0.614563
112c125g_10-4-4-tpcc-nan,16c24g_64-100000-4-oltp_read_write_50-0.2,643,0.416971,0.708486
112c125g_10-4-4-tpcc-nan,16c24g_64-100000-4-oltp_read_write_50-0.6,643,0.390776,0.695388
112c125g_10-4-4-tpcc-nan,16c24g_64-100000-4-oltp_read_write_50-1.0,643,0.178133,0.589067
112c125g_10-4-4-tpcc-nan,16c24g_64-100000-4-oltp_read_write_80-0.2,643,0.350606,0.675303
112c125g_10-4-4-tpcc-nan,16c24g_64-100000-4-oltp_read_write_80-0.6,643,0.365913,0.682956
112c125g_10-4-4-tpcc-nan,16c24g_64-100000-4-oltp_read_write_80-1.0,643,0.235859,0.617929
112c125g_10-4-4-tpcc-nan,16c24g_64-100000-4-oltp_read_write_95-0.2,643,0.332091,0.666046
112c125g_10-4-4-tpcc-nan,16c24g_64-100000-4-oltp_read_write_95-0.6,643,0.32161,0.660805
112c125g_10-4-4-tpcc-nan,16c24g_64-100000-4-oltp_read_write_95-1.0,643,0.273813,0.636906
112c125g_10-4-4-tpcc-nan,16c24g_64-100000-4-oltp_write_only-0.2,643,0.247789,0.623894
112c125g_10-4-4-tpcc-nan,16c24g_64-100000-4-oltp_write_only-0.6,643,0.14331,0.571655
112c125g_10-4-4-tpcc-nan,16c24g_64-100000-4-oltp_write_only-1.0,643,0.091985,0.545993
112c125g_10-4-4-tpcc-nan,16c24g_64-1000000-4-oltp_read_only-0.2,643,0.270791,0.635395
112c125g_10-4-4-tpcc-nan,16c24g_64-1000000-4-oltp_read_only-0.6,643,0.28162,0.64081
112c125g_10-4-4-tpcc-nan,16c24g_64-1000000-4-oltp_read_only-1.0,643,0.271333,0.635666
112c125g_10-4-4-tpcc-nan,16c24g_64-1000000-4-oltp_read_write_20-0.2,643,0.3455,0.67275
112c125g_10-4-4-tpcc-nan,16c24g_64-1000000-4-oltp_read_write_20-0.6,643,0.369352,0.684676
112c125g_10-4-4-tpcc-nan,16c24g_64-1000000-4-oltp_read_write_20-1.0,643,0.431067,0.715534
112c125g_10-4-4-tpcc-nan,16c24g_64-1000000-4-oltp_read_write_5-0.2,643,0.350539,0.675269
112c125g_10-4-4-tpcc-nan,16c24g_64-1000000-4-oltp_read_write_5-0.6,643,0.38447,0.692235
112c125g_10-4-4-tpcc-nan,16c24g_64-1000000-4-oltp_read_write_5-1.0,643,0.273504,0.636752
112c125g_10-4-4-tpcc-nan,16c24g_64-1000000-4-oltp_read_write_50-0.2,643,0.218213,0.609106
112c125g_10-4-4-tpcc-nan,16c24g_64-1000000-4-oltp_read_write_50-0.6,643,0.292382,0.646191
112c125g_10-4-4-tpcc-nan,16c24g_64-1000000-4-oltp_read_write_50-1.0,643,0.360982,0.680491
112c125g_10-4-4-tpcc-nan,16c24g_64-1000000-4-oltp_read_write_80-0.2,643,0.239724,0.619862
112c125g_10-4-4-tpcc-nan,16c24g_64-1000000-4-oltp_read_write_80-0.6,643,0.272032,0.636016
112c125g_10-4-4-tpcc-nan,16c24g_64-1000000-4-oltp_read_write_80-1.0,643,0.306889,0.653444
112c125g_10-4-4-tpcc-nan,16c24g_64-1000000-4-oltp_read_write_95-0.2,643,0.253963,0.626982
112c125g_10-4-4-tpcc-nan,16c24g_64-1000000-4-oltp_read_write_95-0.6,643,0.279907,0.639954
112c125g_10-4-4-tpcc-nan,16c24g_64-1000000-4-oltp_read_write_95-1.0,643,0.300217,0.650109
112c125g_10-4-4-tpcc-nan,16c24g_64-1000000-4-oltp_write_only-0.2,643,0.29199,0.645995
112c125g_10-4-4-tpcc-nan,16c24g_64-1000000-4-oltp_write_only-0.6,643,0.326009,0.663005
112c125g_10-4-4-tpcc-nan,16c24g_64-1000000-4-oltp_write_only-1.0,643,0.147367,0.573683
112c125g_10-4-4-tpcc-nan,24c32g_10-4-4-tpcc-nan,744,0.483642,0.741821
112c125g_10-4-4-tpcc-nan,24c32g_100-4-4-tpcc-nan,744,0.355985,0.677992
112c125g_10-4-4-tpcc-nan,24c32g_50-4-4-tpcc-nan,744,0.384931,0.692465
112c125g_10-4-4-tpcc-nan,24c32g_64-100000-4-oltp_read_only-0.2,744,0.292508,0.646254
112c125g_10-4-4-tpcc-nan,24c32g_64-100000-4-oltp_read_only-0.6,744,0.290201,0.645101
112c125g_10-4-4-tpcc-nan,24c32g_64-100000-4-oltp_read_only-1.0,744,0.304529,0.652264
112c125g_10-4-4-tpcc-nan,24c32g_64-100000-4-oltp_read_write_20-0.2,744,0.490427,0.745213
112c125g_10-4-4-tpcc-nan,24c32g_64-100000-4-oltp_read_write_20-0.6,744,0.489454,0.744727
112c125g_10-4-4-tpcc-nan,24c32g_64-100000-4-oltp_read_write_20-1.0,744,0.181552,0.590776
112c125g_10-4-4-tpcc-nan,24c32g_64-100000-4-oltp_read_write_5-0.2,744,0.484119,0.742059
112c125g_10-4-4-tpcc-nan,24c32g_64-100000-4-oltp_read_write_5-0.6,744,0.35906,0.67953
112c125g_10-4-4-tpcc-nan,24c32g_64-100000-4-oltp_read_write_5-1.0,744,0.272991,0.636495
112c125g_10-4-4-tpcc-nan,24c32g_64-100000-4-oltp_read_write_50-0.2,744,0.449055,0.724527
112c125g_10-4-4-tpcc-nan,24c32g_64-100000-4-oltp_read_write_50-0.6,744,0.399315,0.699658
112c125g_10-4-4-tpcc-nan,24c32g_64-100000-4-oltp_read_write_50-1.0,744,0.191302,0.595651
112c125g_10-4-4-tpcc-nan,24c32g_64-100000-4-oltp_read_write_80-0.2,744,0.373037,0.686519
112c125g_10-4-4-tpcc-nan,24c32g_64-100000-4-oltp_read_write_80-0.6,744,0.376823,0.688412
112c125g_10-4-4-tpcc-nan,24c32g_64-100000-4-oltp_read_write_80-1.0,744,0.231723,0.615861
112c125g_10-4-4-tpcc-nan,24c32g_64-100000-4-oltp_read_write_95-0.2,744,0.343237,0.671618
112c125g_10-4-4-tpcc-nan,24c32g_64-100000-4-oltp_read_write_95-0.6,744,0.339221,0.669611
112c125g_10-4-4-tpcc-nan,24c32g_64-100000-4-oltp_read_write_95-1.0,744,0.298333,0.649166
112c125g_10-4-4-tpcc-nan,24c32g_64-100000-4-oltp_write_only-0.2,744,0.261462,0.630731
112c125g_10-4-4-tpcc-nan,24c32g_64-100000-4-oltp_write_only-0.6,744,0.188989,0.594494
112c125g_10-4-4-tpcc-nan,24c32g_64-100000-4-oltp_write_only-1.0,744,0.110301,0.55515
112c125g_10-4-4-tpcc-nan,24c32g_64-1000000-4-oltp_read_only-0.2,744,0.239455,0.619728
112c125g_10-4-4-tpcc-nan,24c32g_64-1000000-4-oltp_read_only-0.6,744,0.264347,0.632173
112c125g_10-4-4-tpcc-nan,24c32g_64-1000000-4-oltp_read_only-1.0,744,0.281339,0.64067
112c125g_10-4-4-tpcc-nan,24c32g_64-1000000-4-oltp_read_write_20-0.2,744,0.395756,0.697878
112c125g_10-4-4-tpcc-nan,24c32g_64-1000000-4-oltp_read_write_20-0.6,744,0.420676,0.710338
112c125g_10-4-4-tpcc-nan,24c32g_64-1000000-4-oltp_read_write_20-1.0,744,0.436071,0.718036
112c125g_10-4-4-tpcc-nan,24c32g_64-1000000-4-oltp_read_write_5-0.2,744,0.399933,0.699967
112c125g_10-4-4-tpcc-nan,24c32g_64-1000000-4-oltp_read_write_5-0.6,744,0.394813,0.697406
112c125g_10-4-4-tpcc-nan,24c32g_64-1000000-4-oltp_read_write_5-1.0,744,0.313505,0.656752
112c125g_10-4-4-tpcc-nan,24c32g_64-1000000-4-oltp_read_write_50-0.2,744,0.265634,0.632817
112c125g_10-4-4-tpcc-nan,24c32g_64-1000000-4-oltp_read_write_50-0.6,744,0.340944,0.670472
112c125g_10-4-4-tpcc-nan,24c32g_64-1000000-4-oltp_read_write_50-1.0,744,0.328631,0.664315
112c125g_10-4-4-tpcc-nan,24c32g_64-1000000-4-oltp_read_write_80-0.2,744,0.270507,0.635253
112c125g_10-4-4-tpcc-nan,24c32g_64-1000000-4-oltp_read_write_80-0.6,744,0.288201,0.6441
112c125g_10-4-4-tpcc-nan,24c32g_64-1000000-4-oltp_read_write_80-1.0,744,0.321883,0.660941
112c125g_10-4-4-tpcc-nan,24c32g_64-1000000-4-oltp_read_write_95-0.2,744,0.286305,0.643152
112c125g_10-4-4-tpcc-nan,24c32g_64-1000000-4-oltp_read_write_95-0.6,744,0.297337,0.648668
112c125g_10-4-4-tpcc-nan,24c32g_64-1000000-4-oltp_read_write_95-1.0,744,0.309397,0.654699
112c125g_10-4-4-tpcc-nan,24c32g_64-1000000-4-oltp_write_only-0.2,744,0.270452,0.635226
112c125g_10-4-4-tpcc-nan,24c32g_64-1000000-4-oltp_write_only-0.6,744,0.298624,0.649312
112c125g_10-4-4-tpcc-nan,24c32g_64-1000000-4-oltp_write_only-1.0,744,0.166006,0.583003
112c125g_10-4-4-tpcc-nan,32c64g_10-4-4-tpcc-nan,815,0.468319,0.73416
112c125g_10-4-4-tpcc-nan,32c64g_100-4-4-tpcc-nan,815,0.382584,0.691292
112c125g_10-4-4-tpcc-nan,32c64g_50-4-4-tpcc-nan,815,0.408099,0.704049
112c125g_10-4-4-tpcc-nan,32c64g_64-100000-4-oltp_read_only-0.2,815,0.282723,0.641361
112c125g_10-4-4-tpcc-nan,32c64g_64-100000-4-oltp_read_only-0.6,815,0.285449,0.642725
112c125g_10-4-4-tpcc-nan,32c64g_64-100000-4-oltp_read_only-1.0,815,0.293249,0.646625
112c125g_10-4-4-tpcc-nan,32c64g_64-100000-4-oltp_read_write_20-0.2,815,0.493377,0.746688
112c125g_10-4-4-tpcc-nan,32c64g_64-100000-4-oltp_read_write_20-0.6,815,0.508238,0.754119
112c125g_10-4-4-tpcc-nan,32c64g_64-100000-4-oltp_read_write_20-1.0,815,0.145505,0.572752
112c125g_10-4-4-tpcc-nan,32c64g_64-100000-4-oltp_read_write_5-0.2,815,0.497327,0.748664
112c125g_10-4-4-tpcc-nan,32c64g_64-100000-4-oltp_read_write_5-0.6,815,0.434101,0.71705
112c125g_10-4-4-tpcc-nan,32c64g_64-100000-4-oltp_read_write_5-1.0,815,0.309433,0.654716
112c125g_10-4-4-tpcc-nan,32c64g_64-100000-4-oltp_read_write_50-0.2,815,0.402435,0.701218
112c125g_10-4-4-tpcc-nan,32c64g_64-100000-4-oltp_read_write_50-0.6,815,0.376366,0.688183
112c125g_10-4-4-tpcc-nan,32c64g_64-100000-4-oltp_read_write_50-1.0,815,0.185254,0.592627
112c125g_10-4-4-tpcc-nan,32c64g_64-100000-4-oltp_read_write_80-0.2,815,0.357042,0.678521
112c125g_10-4-4-tpcc-nan,32c64g_64-100000-4-oltp_read_write_80-0.6,815,0.378044,0.689022
112c125g_10-4-4-tpcc-nan,32c64g_64-100000-4-oltp_read_write_80-1.0,815,0.232769,0.616384
112c125g_10-4-4-tpcc-nan,32c64g_64-100000-4-oltp_read_write_95-0.2,815,0.345467,0.672733
112c125g_10-4-4-tpcc-nan,32c64g_64-100000-4-oltp_read_write_95-0.6,815,0.332313,0.666157
112c125g_10-4-4-tpcc-nan,32c64g_64-100000-4-oltp_read_write_95-1.0,815,0.280946,0.640473
112c125g_10-4-4-tpcc-nan,32c64g_64-100000-4-oltp_write_only-0.2,815,0.216442,0.608221
112c125g_10-4-4-tpcc-nan,32c64g_64-100000-4-oltp_write_only-0.6,815,0.165398,0.582699
112c125g_10-4-4-tpcc-nan,32c64g_64-100000-4-oltp_write_only-1.0,815,0.114328,0.557164
112c125g_10-4-4-tpcc-nan,32c64g_64-1000000-4-oltp_read_only-0.2,815,0.269573,0.634787
112c125g_10-4-4-tpcc-nan,32c64g_64-1000000-4-oltp_read_only-0.6,815,0.269604,0.634802
112c125g_10-4-4-tpcc-nan,32c64g_64-1000000-4-oltp_read_only-1.0,815,0.253787,0.626894
112c125g_10-4-4-tpcc-nan,32c64g_64-1000000-4-oltp_read_write_20-0.2,815,0.414845,0.707423
112c125g_10-4-4-tpcc-nan,32c64g_64-1000000-4-oltp_read_write_20-0.6,815,0.428452,0.714226
112c125g_10-4-4-tpcc-nan,32c64g_64-1000000-4-oltp_read_write_20-1.0,815,0.441057,0.720528
112c125g_10-4-4-tpcc-nan,32c64g_64-1000000-4-oltp_read_write_5-0.2,815,0.408024,0.704012
112c125g_10-4-4-tpcc-nan,32c64g_64-1000000-4-oltp_read_write_5-0.6,815,0.411524,0.705762
112c125g_10-4-4-tpcc-nan,32c64g_64-1000000-4-oltp_read_write_5-1.0,815,0.312262,0.656131
112c125g_10-4-4-tpcc-nan,32c64g_64-1000000-4-oltp_read_write_50-0.2,815,0.281795,0.640898
112c125g_10-4-4-tpcc-nan,32c64g_64-1000000-4-oltp_read_write_50-0.6,815,0.342168,0.671084
112c125g_10-4-4-tpcc-nan,32c64g_64-1000000-4-oltp_read_write_50-1.0,815,0.378715,0.689357
112c125g_10-4-4-tpcc-nan,32c64g_64-1000000-4-oltp_read_write_80-0.2,815,0.290488,0.645244
112c125g_10-4-4-tpcc-nan,32c64g_64-1000000-4-oltp_read_write_80-0.6,815,0.319525,0.659762
112c125g_10-4-4-tpcc-nan,32c64g_64-1000000-4-oltp_read_write_80-1.0,815,0.328431,0.664215
112c125g_10-4-4-tpcc-nan,32c64g_64-1000000-4-oltp_read_write_95-0.2,815,0.295829,0.647915
112c125g_10-4-4-tpcc-nan,32c64g_64-1000000-4-oltp_read_write_95-0.6,815,0.319217,0.659609
112c125g_10-4-4-tpcc-nan,32c64g_64-1000000-4-oltp_read_write_95-1.0,815,0.317934,0.658967
112c125g_10-4-4-tpcc-nan,32c64g_64-1000000-4-oltp_write_only-0.2,815,0.277274,0.638637
112c125g_10-4-4-tpcc-nan,32c64g_64-1000000-4-oltp_write_only-0.6,815,0.310069,0.655035
112c125g_10-4-4-tpcc-nan,32c64g_64-1000000-4-oltp_write_only-1.0,815,0.168374,0.584187
112c125g_10-4-4-tpcc-nan,4c6g_10-4-4-tpcc-nan,357,0.487898,0.743949
112c125g_10-4-4-tpcc-nan,4c6g_100-4-4-tpcc-nan,357,0.313036,0.656518
112c125g_10-4-4-tpcc-nan,4c6g_50-4-4-tpcc-nan,357,0.391388,0.695694
112c125g_10-4-4-tpcc-nan,4c6g_64-100000-4-oltp_read_only-0.2,357,0.361499,0.680749
112c125g_10-4-4-tpcc-nan,4c6g_64-100000-4-oltp_read_only-0.6,357,0.274486,0.637243
112c125g_10-4-4-tpcc-nan,4c6g_64-100000-4-oltp_read_only-1.0,357,0.28575,0.642875
112c125g_10-4-4-tpcc-nan,4c6g_64-100000-4-oltp_read_write_20-0.2,357,0.487681,0.74384
112c125g_10-4-4-tpcc-nan,4c6g_64-100000-4-oltp_read_write_20-0.6,357,0.498887,0.749443
112c125g_10-4-4-tpcc-nan,4c6g_64-100000-4-oltp_read_write_20-1.0,357,0.257944,0.628972
112c125g_10-4-4-tpcc-nan,4c6g_64-100000-4-oltp_read_write_5-0.2,357,0.463629,0.731814
112c125g_10-4-4-tpcc-nan,4c6g_64-100000-4-oltp_read_write_5-0.6,357,0.404175,0.702087
112c125g_10-4-4-tpcc-nan,4c6g_64-100000-4-oltp_read_write_5-1.0,357,0.297013,0.648506
112c125g_10-4-4-tpcc-nan,4c6g_64-100000-4-oltp_read_write_50-0.2,357,0.475207,0.737604
112c125g_10-4-4-tpcc-nan,4c6g_64-100000-4-oltp_read_write_50-0.6,357,0.471408,0.735704
112c125g_10-4-4-tpcc-nan,4c6g_64-100000-4-oltp_read_write_50-1.0,357,0.230375,0.615187
112c125g_10-4-4-tpcc-nan,4c6g_64-100000-4-oltp_read_write_80-0.2,357,0.390431,0.695216
112c125g_10-4-4-tpcc-nan,4c6g_64-100000-4-oltp_read_write_80-0.6,357,0.407378,0.703689
112c125g_10-4-4-tpcc-nan,4c6g_64-100000-4-oltp_read_write_80-1.0,357,0.22012,0.61006
112c125g_10-4-4-tpcc-nan,4c6g_64-100000-4-oltp_read_write_95-0.2,357,0.361705,0.680852
112c125g_10-4-4-tpcc-nan,4c6g_64-100000-4-oltp_read_write_95-0.6,357,0.348031,0.674015
112c125g_10-4-4-tpcc-nan,4c6g_64-100000-4-oltp_read_write_95-1.0,357,0.310288,0.655144
112c125g_10-4-4-tpcc-nan,4c6g_64-100000-4-oltp_write_only-0.2,357,0.287882,0.643941
112c125g_10-4-4-tpcc-nan,4c6g_64-100000-4-oltp_write_only-0.6,357,0.183023,0.591511
112c125g_10-4-4-tpcc-nan,4c6g_64-100000-4-oltp_write_only-1.0,357,0.125364,0.562682
112c125g_10-4-4-tpcc-nan,4c6g_64-1000000-4-oltp_read_only-0.2,357,0.257483,0.628742
112c125g_10-4-4-tpcc-nan,4c6g_64-1000000-4-oltp_read_only-0.6,357,0.33396,0.66698
112c125g_10-4-4-tpcc-nan,4c6g_64-1000000-4-oltp_read_only-1.0,357,0.299829,0.649915
112c125g_10-4-4-tpcc-nan,4c6g_64-1000000-4-oltp_read_write_20-0.2,357,0.286317,0.643158
112c125g_10-4-4-tpcc-nan,4c6g_64-1000000-4-oltp_read_write_20-0.6,357,0.310652,0.655326
112c125g_10-4-4-tpcc-nan,4c6g_64-1000000-4-oltp_read_write_20-1.0,357,0.408983,0.704492
112c125g_10-4-4-tpcc-nan,4c6g_64-1000000-4-oltp_read_write_5-0.2,357,0.294519,0.647259
112c125g_10-4-4-tpcc-nan,4c6g_64-1000000-4-oltp_read_write_5-0.6,357,0.32502,0.66251
112c125g_10-4-4-tpcc-nan,4c6g_64-1000000-4-oltp_read_write_5-1.0,357,0.28978,0.64489
112c125g_10-4-4-tpcc-nan,4c6g_64-1000000-4-oltp_read_write_50-0.2,357,0.18729,0.593645
112c125g_10-4-4-tpcc-nan,4c6g_64-1000000-4-oltp_read_write_50-0.6,357,0.276627,0.638313
112c125g_10-4-4-tpcc-nan,4c6g_64-1000000-4-oltp_read_write_50-1.0,357,0.38447,0.692235
112c125g_10-4-4-tpcc-nan,4c6g_64-1000000-4-oltp_read_write_80-0.2,357,0.211922,0.605961
112c125g_10-4-4-tpcc-nan,4c6g_64-1000000-4-oltp_read_write_80-0.6,357,0.261747,0.630873
112c125g_10-4-4-tpcc-nan,4c6g_64-1000000-4-oltp_read_write_80-1.0,357,0.3151,0.65755
112c125g_10-4-4-tpcc-nan,4c6g_64-1000000-4-oltp_read_write_95-0.2,357,0.296981,0.64849
112c125g_10-4-4-tpcc-nan,4c6g_64-1000000-4-oltp_read_write_95-0.6,357,0.284896,0.642448
112c125g_10-4-4-tpcc-nan,4c6g_64-1000000-4-oltp_read_write_95-1.0,357,0.313228,0.656614
112c125g_10-4-4-tpcc-nan,4c6g_64-1000000-4-oltp_write_only-0.2,357,0.270341,0.63517
112c125g_10-4-4-tpcc-nan,4c6g_64-1000000-4-oltp_write_only-0.6,357,0.335634,0.667817
112c125g_10-4-4-tpcc-nan,4c6g_64-1000000-4-oltp_write_only-1.0,357,0.237648,0.618824
112c125g_10-4-4-tpcc-nan,88c190g_10-4-4-tpcc-nan,818,0.415459,0.707729
112c125g_10-4-4-tpcc-nan,88c190g_100-4-4-tpcc-nan,818,0.303614,0.651807
112c125g_10-4-4-tpcc-nan,88c190g_64-1000000-4-oltp_read_only-0.2,818,0.259457,0.629729
112c125g_10-4-4-tpcc-nan,88c190g_64-1000000-4-oltp_read_only-0.6,818,0.252144,0.626072
112c125g_10-4-4-tpcc-nan,88c190g_64-1000000-4-oltp_read_only-1.0,818,0.251966,0.625983
112c125g_10-4-4-tpcc-nan,88c190g_64-1000000-4-oltp_read_write_20-0.2,818,0.310576,0.655288
112c125g_10-4-4-tpcc-nan,88c190g_64-1000000-4-oltp_read_write_20-0.6,818,0.337974,0.668987
112c125g_10-4-4-tpcc-nan,88c190g_64-1000000-4-oltp_read_write_20-1.0,818,0.363717,0.681858
112c125g_10-4-4-tpcc-nan,88c190g_64-1000000-4-oltp_read_write_5-0.2,818,0.356789,0.678394
112c125g_10-4-4-tpcc-nan,88c190g_64-1000000-4-oltp_read_write_5-0.6,818,0.394169,0.697085
112c125g_10-4-4-tpcc-nan,88c190g_64-1000000-4-oltp_read_write_5-1.0,818,0.438587,0.719293
112c125g_10-4-4-tpcc-nan,88c190g_64-1000000-4-oltp_read_write_50-0.2,818,0.251257,0.625629
112c125g_10-4-4-tpcc-nan,88c190g_64-1000000-4-oltp_read_write_50-0.6,818,0.306057,0.653029
112c125g_10-4-4-tpcc-nan,88c190g_64-1000000-4-oltp_read_write_50-1.0,818,0.3409,0.67045
112c125g_10-4-4-tpcc-nan,88c190g_64-1000000-4-oltp_read_write_80-0.2,818,0.308577,0.654288
112c125g_10-4-4-tpcc-nan,88c190g_64-1000000-4-oltp_read_write_80-0.6,818,0.313674,0.656837
112c125g_10-4-4-tpcc-nan,88c190g_64-1000000-4-oltp_read_write_80-1.0,818,0.334242,0.667121
112c125g_10-4-4-tpcc-nan,88c190g_64-1000000-4-oltp_read_write_95-0.2,818,0.313699,0.65685
112c125g_10-4-4-tpcc-nan,88c190g_64-1000000-4-oltp_read_write_95-0.6,818,0.335093,0.667546
112c125g_10-4-4-tpcc-nan,88c190g_64-1000000-4-oltp_read_write_95-1.0,818,0.331126,0.665563
112c125g_10-4-4-tpcc-nan,88c190g_64-1000000-4-oltp_write_only-0.2,818,0.29656,0.64828
112c125g_10-4-4-tpcc-nan,88c190g_64-1000000-4-oltp_write_only-0.6,818,0.332205,0.666103
112c125g_10-4-4-tpcc-nan,88c190g_64-1000000-4-oltp_write_only-1.0,818,0.208257,0.604128
112c125g_10-4-4-tpcc-nan,8c12g_10-4-4-tpcc-nan,493,0.544114,0.772057
112c125g_10-4-4-tpcc-nan,8c12g_100-4-4-tpcc-nan,493,0.401524,0.700762
112c125g_10-4-4-tpcc-nan,8c12g_50-4-4-tpcc-nan,493,0.384323,0.692161
112c125g_10-4-4-tpcc-nan,8c12g_64-100000-4-oltp_read_only-0.2,493,0.305041,0.652521
112c125g_10-4-4-tpcc-nan,8c12g_64-100000-4-oltp_read_only-0.6,493,0.294608,0.647304
112c125g_10-4-4-tpcc-nan,8c12g_64-100000-4-oltp_read_only-1.0,493,0.332803,0.666401
112c125g_10-4-4-tpcc-nan,8c12g_64-100000-4-oltp_read_write_20-0.2,493,0.481658,0.740829
112c125g_10-4-4-tpcc-nan,8c12g_64-100000-4-oltp_read_write_20-0.6,493,0.475318,0.737659
112c125g_10-4-4-tpcc-nan,8c12g_64-100000-4-oltp_read_write_20-1.0,493,0.264197,0.632098
112c125g_10-4-4-tpcc-nan,8c12g_64-100000-4-oltp_read_write_5-0.2,493,0.452905,0.726453
112c125g_10-4-4-tpcc-nan,8c12g_64-100000-4-oltp_read_write_5-0.6,493,0.392858,0.696429
112c125g_10-4-4-tpcc-nan,8c12g_64-100000-4-oltp_read_write_5-1.0,493,0.290587,0.645294
112c125g_10-4-4-tpcc-nan,8c12g_64-100000-4-oltp_read_write_50-0.2,493,0.438258,0.719129
112c125g_10-4-4-tpcc-nan,8c12g_64-100000-4-oltp_read_write_50-0.6,493,0.417983,0.708991
112c125g_10-4-4-tpcc-nan,8c12g_64-100000-4-oltp_read_write_50-1.0,493,0.206326,0.603163
112c125g_10-4-4-tpcc-nan,8c12g_64-100000-4-oltp_read_write_80-0.2,493,0.374242,0.687121
112c125g_10-4-4-tpcc-nan,8c12g_64-100000-4-oltp_read_write_80-0.6,493,0.407665,0.703833
112c125g_10-4-4-tpcc-nan,8c12g_64-100000-4-oltp_read_write_80-1.0,493,0.236209,0.618105
112c125g_10-4-4-tpcc-nan,8c12g_64-100000-4-oltp_read_write_95-0.2,493,0.337373,0.668686
112c125g_10-4-4-tpcc-nan,8c12g_64-100000-4-oltp_read_write_95-0.6,493,0.347253,0.673627
112c125g_10-4-4-tpcc-nan,8c12g_64-100000-4-oltp_read_write_95-1.0,493,0.312407,0.656203
112c125g_10-4-4-tpcc-nan,8c12g_64-100000-4-oltp_write_only-0.2,493,0.270801,0.635401
112c125g_10-4-4-tpcc-nan,8c12g_64-100000-4-oltp_write_only-0.6,493,0.185848,0.592924
112c125g_10-4-4-tpcc-nan,8c12g_64-100000-4-oltp_write_only-1.0,493,0.104964,0.552482
112c125g_10-4-4-tpcc-nan,8c12g_64-1000000-4-oltp_read_only-0.2,493,0.296694,0.648347
112c125g_10-4-4-tpcc-nan,8c12g_64-1000000-4-oltp_read_only-0.6,493,0.293626,0.646813
112c125g_10-4-4-tpcc-nan,8c12g_64-1000000-4-oltp_read_only-1.0,493,0.313065,0.656532
112c125g_10-4-4-tpcc-nan,8c12g_64-1000000-4-oltp_read_write_20-0.2,493,0.393891,0.696946
112c125g_10-4-4-tpcc-nan,8c12g_64-1000000-4-oltp_read_write_20-0.6,493,0.391319,0.695659
112c125g_10-4-4-tpcc-nan,8c12g_64-1000000-4-oltp_read_write_20-1.0,493,0.467103,0.733551
112c125g_10-4-4-tpcc-nan,8c12g_64-1000000-4-oltp_read_write_5-0.2,493,0.394123,0.697062
112c125g_10-4-4-tpcc-nan,8c12g_64-1000000-4-oltp_read_write_5-0.6,493,0.376262,0.688131
112c125g_10-4-4-tpcc-nan,8c12g_64-1000000-4-oltp_read_write_5-1.0,493,0.28865,0.644325
112c125g_10-4-4-tpcc-nan,8c12g_64-1000000-4-oltp_read_write_50-0.2,493,0.300894,0.650447
112c125g_10-4-4-tpcc-nan,8c12g_64-1000000-4-oltp_read_write_50-0.6,493,0.364466,0.682233
112c125g_10-4-4-tpcc-nan,8c12g_64-1000000-4-oltp_read_write_50-1.0,493,0.410113,0.705057
112c125g_10-4-4-tpcc-nan,8c12g_64-1000000-4-oltp_read_write_80-0.2,493,0.260702,0.630351
112c125g_10-4-4-tpcc-nan,8c12g_64-1000000-4-oltp_read_write_80-0.6,493,0.320213,0.660106
112c125g_10-4-4-tpcc-nan,8c12g_64-1000000-4-oltp_read_write_80-1.0,493,0.340517,0.670258
112c125g_10-4-4-tpcc-nan,8c12g_64-1000000-4-oltp_read_write_95-0.2,493,0.293493,0.646746
112c125g_10-4-4-tpcc-nan,8c12g_64-1000000-4-oltp_read_write_95-0.6,493,0.310781,0.65539
112c125g_10-4-4-tpcc-nan,8c12g_64-1000000-4-oltp_read_write_95-1.0,493,0.31462,0.65731
112c125g_10-4-4-tpcc-nan,8c12g_64-1000000-4-oltp_write_only-0.2,493,0.337161,0.66858
112c125g_10-4-4-tpcc-nan,8c12g_64-1000000-4-oltp_write_only-0.6,493,0.391236,0.695618
112c125g_10-4-4-tpcc-nan,8c12g_64-1000000-4-oltp_write_only-1.0,493,0.297002,0.648501
112c125g_100-4-4-tpcc-nan,12c16g_10-4-4-tpcc-nan,584,0.63794,0.81897
112c125g_100-4-4-tpcc-nan,12c16g_100-4-4-tpcc-nan,584,0.579887,0.789943
112c125g_100-4-4-tpcc-nan,12c16g_50-4-4-tpcc-nan,584,0.570055,0.785027
112c125g_100-4-4-tpcc-nan,12c16g_64-100000-4-oltp_read_only-0.2,584,0.451853,0.725926
112c125g_100-4-4-tpcc-nan,12c16g_64-100000-4-oltp_read_only-0.6,584,0.436201,0.7181
112c125g_100-4-4-tpcc-nan,12c16g_64-100000-4-oltp_read_only-1.0,584,0.414187,0.707093
112c125g_100-4-4-tpcc-nan,12c16g_64-100000-4-oltp_read_write_20-0.2,584,0.539951,0.769976
112c125g_100-4-4-tpcc-nan,12c16g_64-100000-4-oltp_read_write_20-0.6,584,0.534477,0.767238
112c125g_100-4-4-tpcc-nan,12c16g_64-100000-4-oltp_read_write_20-1.0,584,0.278401,0.6392
112c125g_100-4-4-tpcc-nan,12c16g_64-100000-4-oltp_read_write_5-0.2,584,0.502146,0.751073
112c125g_100-4-4-tpcc-nan,12c16g_64-100000-4-oltp_read_write_5-0.6,584,0.346312,0.673156
112c125g_100-4-4-tpcc-nan,12c16g_64-100000-4-oltp_read_write_5-1.0,584,0.192481,0.596241
112c125g_100-4-4-tpcc-nan,12c16g_64-100000-4-oltp_read_write_50-0.2,584,0.53965,0.769825
112c125g_100-4-4-tpcc-nan,12c16g_64-100000-4-oltp_read_write_50-0.6,584,0.50728,0.75364
112c125g_100-4-4-tpcc-nan,12c16g_64-100000-4-oltp_read_write_50-1.0,584,0.259676,0.629838
112c125g_100-4-4-tpcc-nan,12c16g_64-100000-4-oltp_read_write_80-0.2,584,0.510729,0.755364
112c125g_100-4-4-tpcc-nan,12c16g_64-100000-4-oltp_read_write_80-0.6,584,0.501303,0.750651
112c125g_100-4-4-tpcc-nan,12c16g_64-100000-4-oltp_read_write_80-1.0,584,0.285548,0.642774
112c125g_100-4-4-tpcc-nan,12c16g_64-100000-4-oltp_read_write_95-0.2,584,0.48767,0.743835
112c125g_100-4-4-tpcc-nan,12c16g_64-100000-4-oltp_read_write_95-0.6,584,0.484524,0.742262
112c125g_100-4-4-tpcc-nan,12c16g_64-100000-4-oltp_read_write_95-1.0,584,0.391643,0.695822
112c125g_100-4-4-tpcc-nan,12c16g_64-100000-4-oltp_write_only-0.2,584,0.323834,0.661917
112c125g_100-4-4-tpcc-nan,12c16g_64-100000-4-oltp_write_only-0.6,584,0.215135,0.607567
112c125g_100-4-4-tpcc-nan,12c16g_64-100000-4-oltp_write_only-1.0,584,0.079831,0.539916
112c125g_100-4-4-tpcc-nan,12c16g_64-1000000-4-oltp_read_only-0.2,584,0.443211,0.721605
112c125g_100-4-4-tpcc-nan,12c16g_64-1000000-4-oltp_read_only-0.6,584,0.443803,0.721901
112c125g_100-4-4-tpcc-nan,12c16g_64-1000000-4-oltp_read_only-1.0,584,0.444507,0.722254
112c125g_100-4-4-tpcc-nan,12c16g_64-1000000-4-oltp_read_write_20-0.2,584,0.495005,0.747502
112c125g_100-4-4-tpcc-nan,12c16g_64-1000000-4-oltp_read_write_20-0.6,584,0.462676,0.731338
112c125g_100-4-4-tpcc-nan,12c16g_64-1000000-4-oltp_read_write_20-1.0,584,0.395444,0.697722
112c125g_100-4-4-tpcc-nan,12c16g_64-1000000-4-oltp_read_write_5-0.2,584,0.308571,0.654286
112c125g_100-4-4-tpcc-nan,12c16g_64-1000000-4-oltp_read_write_5-0.6,584,0.265745,0.632873
112c125g_100-4-4-tpcc-nan,12c16g_64-1000000-4-oltp_read_write_5-1.0,584,0.149136,0.574568
112c125g_100-4-4-tpcc-nan,12c16g_64-1000000-4-oltp_read_write_50-0.2,584,0.440164,0.720082
112c125g_100-4-4-tpcc-nan,12c16g_64-1000000-4-oltp_read_write_50-0.6,584,0.520017,0.760008
112c125g_100-4-4-tpcc-nan,12c16g_64-1000000-4-oltp_read_write_50-1.0,584,0.537589,0.768794
112c125g_100-4-4-tpcc-nan,12c16g_64-1000000-4-oltp_read_write_80-0.2,584,0.44142,0.72071
112c125g_100-4-4-tpcc-nan,12c16g_64-1000000-4-oltp_read_write_80-0.6,584,0.497516,0.748758
112c125g_100-4-4-tpcc-nan,12c16g_64-1000000-4-oltp_read_write_80-1.0,584,0.441508,0.720754
112c125g_100-4-4-tpcc-nan,12c16g_64-1000000-4-oltp_read_write_95-0.2,584,0.453913,0.726956
112c125g_100-4-4-tpcc-nan,12c16g_64-1000000-4-oltp_read_write_95-0.6,584,0.473823,0.736911
112c125g_100-4-4-tpcc-nan,12c16g_64-1000000-4-oltp_read_write_95-1.0,584,0.471275,0.735637
112c125g_100-4-4-tpcc-nan,12c16g_64-1000000-4-oltp_write_only-0.2,584,0.387217,0.693608
112c125g_100-4-4-tpcc-nan,12c16g_64-1000000-4-oltp_write_only-0.6,584,0.488382,0.744191
112c125g_100-4-4-tpcc-nan,12c16g_64-1000000-4-oltp_write_only-1.0,584,0.235648,0.617824
112c125g_100-4-4-tpcc-nan,16c24g_10-4-4-tpcc-nan,645,0.560918,0.780459
112c125g_100-4-4-tpcc-nan,16c24g_100-4-4-tpcc-nan,645,0.468534,0.734267
112c125g_100-4-4-tpcc-nan,16c24g_50-4-4-tpcc-nan,645,0.514063,0.757032
112c125g_100-4-4-tpcc-nan,16c24g_64-100000-4-oltp_read_only-0.2,645,0.388079,0.69404
112c125g_100-4-4-tpcc-nan,16c24g_64-100000-4-oltp_read_only-0.6,645,0.391072,0.695536
112c125g_100-4-4-tpcc-nan,16c24g_64-100000-4-oltp_read_only-1.0,645,0.416468,0.708234
112c125g_100-4-4-tpcc-nan,16c24g_64-100000-4-oltp_read_write_20-0.2,645,0.527143,0.763571
112c125g_100-4-4-tpcc-nan,16c24g_64-100000-4-oltp_read_write_20-0.6,645,0.510188,0.755094
112c125g_100-4-4-tpcc-nan,16c24g_64-100000-4-oltp_read_write_20-1.0,645,0.280182,0.640091
112c125g_100-4-4-tpcc-nan,16c24g_64-100000-4-oltp_read_write_5-0.2,645,0.426975,0.713487
112c125g_100-4-4-tpcc-nan,16c24g_64-100000-4-oltp_read_write_5-0.6,645,0.215,0.6075
112c125g_100-4-4-tpcc-nan,16c24g_64-100000-4-oltp_read_write_5-1.0,645,0.12902,0.56451
112c125g_100-4-4-tpcc-nan,16c24g_64-100000-4-oltp_read_write_50-0.2,645,0.523639,0.761819
112c125g_100-4-4-tpcc-nan,16c24g_64-100000-4-oltp_read_write_50-0.6,645,0.498419,0.74921
112c125g_100-4-4-tpcc-nan,16c24g_64-100000-4-oltp_read_write_50-1.0,645,0.237898,0.618949
112c125g_100-4-4-tpcc-nan,16c24g_64-100000-4-oltp_read_write_80-0.2,645,0.468309,0.734154
112c125g_100-4-4-tpcc-nan,16c24g_64-100000-4-oltp_read_write_80-0.6,645,0.478533,0.739266
112c125g_100-4-4-tpcc-nan,16c24g_64-100000-4-oltp_read_write_80-1.0,645,0.26594,0.63297
112c125g_100-4-4-tpcc-nan,16c24g_64-100000-4-oltp_read_write_95-0.2,645,0.460381,0.730191
112c125g_100-4-4-tpcc-nan,16c24g_64-100000-4-oltp_read_write_95-0.6,645,0.447707,0.723854
112c125g_100-4-4-tpcc-nan,16c24g_64-100000-4-oltp_read_write_95-1.0,645,0.360843,0.680421
112c125g_100-4-4-tpcc-nan,16c24g_64-100000-4-oltp_write_only-0.2,645,0.309701,0.65485
112c125g_100-4-4-tpcc-nan,16c24g_64-100000-4-oltp_write_only-0.6,645,0.151021,0.575511
112c125g_100-4-4-tpcc-nan,16c24g_64-100000-4-oltp_write_only-1.0,645,0.074126,0.537063
112c125g_100-4-4-tpcc-nan,16c24g_64-1000000-4-oltp_read_only-0.2,645,0.383792,0.691896
112c125g_100-4-4-tpcc-nan,16c24g_64-1000000-4-oltp_read_only-0.6,645,0.404116,0.702058
112c125g_100-4-4-tpcc-nan,16c24g_64-1000000-4-oltp_read_only-1.0,645,0.405251,0.702625
112c125g_100-4-4-tpcc-nan,16c24g_64-1000000-4-oltp_read_write_20-0.2,645,0.458445,0.729222
112c125g_100-4-4-tpcc-nan,16c24g_64-1000000-4-oltp_read_write_20-0.6,645,0.4771,0.73855
112c125g_100-4-4-tpcc-nan,16c24g_64-1000000-4-oltp_read_write_20-1.0,645,0.444516,0.722258
112c125g_100-4-4-tpcc-nan,16c24g_64-1000000-4-oltp_read_write_5-0.2,645,0.437136,0.718568
112c125g_100-4-4-tpcc-nan,16c24g_64-1000000-4-oltp_read_write_5-0.6,645,0.426612,0.713306
112c125g_100-4-4-tpcc-nan,16c24g_64-1000000-4-oltp_read_write_5-1.0,645,0.150341,0.57517
112c125g_100-4-4-tpcc-nan,16c24g_64-1000000-4-oltp_read_write_50-0.2,645,0.361019,0.68051
112c125g_100-4-4-tpcc-nan,16c24g_64-1000000-4-oltp_read_write_50-0.6,645,0.429641,0.714821
112c125g_100-4-4-tpcc-nan,16c24g_64-1000000-4-oltp_read_write_50-1.0,645,0.484323,0.742161
112c125g_100-4-4-tpcc-nan,16c24g_64-1000000-4-oltp_read_write_80-0.2,645,0.393988,0.696994
112c125g_100-4-4-tpcc-nan,16c24g_64-1000000-4-oltp_read_write_80-0.6,645,0.439773,0.719887
112c125g_100-4-4-tpcc-nan,16c24g_64-1000000-4-oltp_read_write_80-1.0,645,0.413391,0.706695
112c125g_100-4-4-tpcc-nan,16c24g_64-1000000-4-oltp_read_write_95-0.2,645,0.399603,0.699802
112c125g_100-4-4-tpcc-nan,16c24g_64-1000000-4-oltp_read_write_95-0.6,645,0.425297,0.712649
112c125g_100-4-4-tpcc-nan,16c24g_64-1000000-4-oltp_read_write_95-1.0,645,0.442927,0.721463
112c125g_100-4-4-tpcc-nan,16c24g_64-1000000-4-oltp_write_only-0.2,645,0.42763,0.713815
112c125g_100-4-4-tpcc-nan,16c24g_64-1000000-4-oltp_write_only-0.6,645,0.456074,0.728037
112c125g_100-4-4-tpcc-nan,16c24g_64-1000000-4-oltp_write_only-1.0,645,0.184474,0.592237
112c125g_100-4-4-tpcc-nan,24c32g_10-4-4-tpcc-nan,746,0.563953,0.781976
112c125g_100-4-4-tpcc-nan,24c32g_100-4-4-tpcc-nan,746,0.487127,0.743564
112c125g_100-4-4-tpcc-nan,24c32g_50-4-4-tpcc-nan,746,0.514588,0.757294
112c125g_100-4-4-tpcc-nan,24c32g_64-100000-4-oltp_read_only-0.2,746,0.369804,0.684902
112c125g_100-4-4-tpcc-nan,24c32g_64-100000-4-oltp_read_only-0.6,746,0.360115,0.680057
112c125g_100-4-4-tpcc-nan,24c32g_64-100000-4-oltp_read_only-1.0,746,0.392804,0.696402
112c125g_100-4-4-tpcc-nan,24c32g_64-100000-4-oltp_read_write_20-0.2,746,0.531189,0.765595
112c125g_100-4-4-tpcc-nan,24c32g_64-100000-4-oltp_read_write_20-0.6,746,0.517171,0.758586
112c125g_100-4-4-tpcc-nan,24c32g_64-100000-4-oltp_read_write_20-1.0,746,0.218735,0.609368
112c125g_100-4-4-tpcc-nan,24c32g_64-100000-4-oltp_read_write_5-0.2,746,0.482152,0.741076
112c125g_100-4-4-tpcc-nan,24c32g_64-100000-4-oltp_read_write_5-0.6,746,0.251337,0.625669
112c125g_100-4-4-tpcc-nan,24c32g_64-100000-4-oltp_read_write_5-1.0,746,0.16849,0.584245
112c125g_100-4-4-tpcc-nan,24c32g_64-100000-4-oltp_read_write_50-0.2,746,0.526639,0.763319
112c125g_100-4-4-tpcc-nan,24c32g_64-100000-4-oltp_read_write_50-0.6,746,0.478338,0.739169
112c125g_100-4-4-tpcc-nan,24c32g_64-100000-4-oltp_read_write_50-1.0,746,0.239033,0.619516
112c125g_100-4-4-tpcc-nan,24c32g_64-100000-4-oltp_read_write_80-0.2,746,0.471971,0.735985
112c125g_100-4-4-tpcc-nan,24c32g_64-100000-4-oltp_read_write_80-0.6,746,0.471245,0.735623
112c125g_100-4-4-tpcc-nan,24c32g_64-100000-4-oltp_read_write_80-1.0,746,0.259719,0.629859
112c125g_100-4-4-tpcc-nan,24c32g_64-100000-4-oltp_read_write_95-0.2,746,0.455095,0.727548
112c125g_100-4-4-tpcc-nan,24c32g_64-100000-4-oltp_read_write_95-0.6,746,0.441018,0.720509
112c125g_100-4-4-tpcc-nan,24c32g_64-100000-4-oltp_read_write_95-1.0,746,0.354827,0.677414
112c125g_100-4-4-tpcc-nan,24c32g_64-100000-4-oltp_write_only-0.2,746,0.30512,0.65256
112c125g_100-4-4-tpcc-nan,24c32g_64-100000-4-oltp_write_only-0.6,746,0.20746,0.60373
112c125g_100-4-4-tpcc-nan,24c32g_64-100000-4-oltp_write_only-1.0,746,0.096065,0.548033
112c125g_100-4-4-tpcc-nan,24c32g_64-1000000-4-oltp_read_only-0.2,746,0.309503,0.654751
112c125g_100-4-4-tpcc-nan,24c32g_64-1000000-4-oltp_read_only-0.6,746,0.355036,0.677518
112c125g_100-4-4-tpcc-nan,24c32g_64-1000000-4-oltp_read_only-1.0,746,0.385153,0.692576
112c125g_100-4-4-tpcc-nan,24c32g_64-1000000-4-oltp_read_write_20-0.2,746,0.481889,0.740944
112c125g_100-4-4-tpcc-nan,24c32g_64-1000000-4-oltp_read_write_20-0.6,746,0.499239,0.749619
112c125g_100-4-4-tpcc-nan,24c32g_64-1000000-4-oltp_read_write_20-1.0,746,0.430818,0.715409
112c125g_100-4-4-tpcc-nan,24c32g_64-1000000-4-oltp_read_write_5-0.2,746,0.390058,0.695029
112c125g_100-4-4-tpcc-nan,24c32g_64-1000000-4-oltp_read_write_5-0.6,746,0.396575,0.698287
112c125g_100-4-4-tpcc-nan,24c32g_64-1000000-4-oltp_read_write_5-1.0,746,0.226922,0.613461
112c125g_100-4-4-tpcc-nan,24c32g_64-1000000-4-oltp_read_write_50-0.2,746,0.376954,0.688477
112c125g_100-4-4-tpcc-nan,24c32g_64-1000000-4-oltp_read_write_50-0.6,746,0.449593,0.724796
112c125g_100-4-4-tpcc-nan,24c32g_64-1000000-4-oltp_read_write_50-1.0,746,0.44583,0.722915
112c125g_100-4-4-tpcc-nan,24c32g_64-1000000-4-oltp_read_write_80-0.2,746,0.40904,0.70452
112c125g_100-4-4-tpcc-nan,24c32g_64-1000000-4-oltp_read_write_80-0.6,746,0.432832,0.716416
112c125g_100-4-4-tpcc-nan,24c32g_64-1000000-4-oltp_read_write_80-1.0,746,0.417181,0.70859
112c125g_100-4-4-tpcc-nan,24c32g_64-1000000-4-oltp_read_write_95-0.2,746,0.397861,0.698931
112c125g_100-4-4-tpcc-nan,24c32g_64-1000000-4-oltp_read_write_95-0.6,746,0.410025,0.705013
112c125g_100-4-4-tpcc-nan,24c32g_64-1000000-4-oltp_read_write_95-1.0,746,0.420261,0.71013
112c125g_100-4-4-tpcc-nan,24c32g_64-1000000-4-oltp_write_only-0.2,746,0.3482,0.6741
112c125g_100-4-4-tpcc-nan,24c32g_64-1000000-4-oltp_write_only-0.6,746,0.41963,0.709815
112c125g_100-4-4-tpcc-nan,24c32g_64-1000000-4-oltp_write_only-1.0,746,0.210324,0.605162
112c125g_100-4-4-tpcc-nan,32c64g_10-4-4-tpcc-nan,817,0.559261,0.77963
112c125g_100-4-4-tpcc-nan,32c64g_100-4-4-tpcc-nan,817,0.504632,0.752316
112c125g_100-4-4-tpcc-nan,32c64g_50-4-4-tpcc-nan,817,0.53029,0.765145
112c125g_100-4-4-tpcc-nan,32c64g_64-100000-4-oltp_read_only-0.2,817,0.352179,0.67609
112c125g_100-4-4-tpcc-nan,32c64g_64-100000-4-oltp_read_only-0.6,817,0.357549,0.678774
112c125g_100-4-4-tpcc-nan,32c64g_64-100000-4-oltp_read_only-1.0,817,0.359317,0.679658
112c125g_100-4-4-tpcc-nan,32c64g_64-100000-4-oltp_read_write_20-0.2,817,0.532577,0.766288
112c125g_100-4-4-tpcc-nan,32c64g_64-100000-4-oltp_read_write_20-0.6,817,0.519289,0.759644
112c125g_100-4-4-tpcc-nan,32c64g_64-100000-4-oltp_read_write_20-1.0,817,0.173965,0.586983
112c125g_100-4-4-tpcc-nan,32c64g_64-100000-4-oltp_read_write_5-0.2,817,0.521914,0.760957
112c125g_100-4-4-tpcc-nan,32c64g_64-100000-4-oltp_read_write_5-0.6,817,0.38211,0.691055
112c125g_100-4-4-tpcc-nan,32c64g_64-100000-4-oltp_read_write_5-1.0,817,0.264186,0.632093
112c125g_100-4-4-tpcc-nan,32c64g_64-100000-4-oltp_read_write_50-0.2,817,0.494042,0.747021
112c125g_100-4-4-tpcc-nan,32c64g_64-100000-4-oltp_read_write_50-0.6,817,0.448172,0.724086
112c125g_100-4-4-tpcc-nan,32c64g_64-100000-4-oltp_read_write_50-1.0,817,0.231151,0.615576
112c125g_100-4-4-tpcc-nan,32c64g_64-100000-4-oltp_read_write_80-0.2,817,0.447204,0.723602
112c125g_100-4-4-tpcc-nan,32c64g_64-100000-4-oltp_read_write_80-0.6,817,0.450501,0.72525
112c125g_100-4-4-tpcc-nan,32c64g_64-100000-4-oltp_read_write_80-1.0,817,0.263877,0.631939
112c125g_100-4-4-tpcc-nan,32c64g_64-100000-4-oltp_read_write_95-0.2,817,0.441453,0.720727
112c125g_100-4-4-tpcc-nan,32c64g_64-100000-4-oltp_read_write_95-0.6,817,0.427955,0.713977
112c125g_100-4-4-tpcc-nan,32c64g_64-100000-4-oltp_read_write_95-1.0,817,0.334967,0.667483
112c125g_100-4-4-tpcc-nan,32c64g_64-100000-4-oltp_write_only-0.2,817,0.261909,0.630955
112c125g_100-4-4-tpcc-nan,32c64g_64-100000-4-oltp_write_only-0.6,817,0.194025,0.597013
112c125g_100-4-4-tpcc-nan,32c64g_64-100000-4-oltp_write_only-1.0,817,0.107705,0.553853
112c125g_100-4-4-tpcc-nan,32c64g_64-1000000-4-oltp_read_only-0.2,817,0.33648,0.66824
112c125g_100-4-4-tpcc-nan,32c64g_64-1000000-4-oltp_read_only-0.6,817,0.336278,0.668139
112c125g_100-4-4-tpcc-nan,32c64g_64-1000000-4-oltp_read_only-1.0,817,0.345164,0.672582
112c125g_100-4-4-tpcc-nan,32c64g_64-1000000-4-oltp_read_write_20-0.2,817,0.50122,0.75061
112c125g_100-4-4-tpcc-nan,32c64g_64-1000000-4-oltp_read_write_20-0.6,817,0.510117,0.755059
112c125g_100-4-4-tpcc-nan,32c64g_64-1000000-4-oltp_read_write_20-1.0,817,0.44591,0.722955
112c125g_100-4-4-tpcc-nan,32c64g_64-1000000-4-oltp_read_write_5-0.2,817,0.454823,0.727412
112c125g_100-4-4-tpcc-nan,32c64g_64-1000000-4-oltp_read_write_5-0.6,817,0.435823,0.717911
112c125g_100-4-4-tpcc-nan,32c64g_64-1000000-4-oltp_read_write_5-1.0,817,0.246989,0.623494
112c125g_100-4-4-tpcc-nan,32c64g_64-1000000-4-oltp_read_write_50-0.2,817,0.391024,0.695512
112c125g_100-4-4-tpcc-nan,32c64g_64-1000000-4-oltp_read_write_50-0.6,817,0.450996,0.725498
112c125g_100-4-4-tpcc-nan,32c64g_64-1000000-4-oltp_read_write_50-1.0,817,0.477689,0.738844
112c125g_100-4-4-tpcc-nan,32c64g_64-1000000-4-oltp_read_write_80-0.2,817,0.416236,0.708118
112c125g_100-4-4-tpcc-nan,32c64g_64-1000000-4-oltp_read_write_80-0.6,817,0.448438,0.724219
112c125g_100-4-4-tpcc-nan,32c64g_64-1000000-4-oltp_read_write_80-1.0,817,0.412724,0.706362
112c125g_100-4-4-tpcc-nan,32c64g_64-1000000-4-oltp_read_write_95-0.2,817,0.406081,0.70304
112c125g_100-4-4-tpcc-nan,32c64g_64-1000000-4-oltp_read_write_95-0.6,817,0.420785,0.710392
112c125g_100-4-4-tpcc-nan,32c64g_64-1000000-4-oltp_read_write_95-1.0,817,0.410503,0.705251
112c125g_100-4-4-tpcc-nan,32c64g_64-1000000-4-oltp_write_only-0.2,817,0.400815,0.700407
112c125g_100-4-4-tpcc-nan,32c64g_64-1000000-4-oltp_write_only-0.6,817,0.421702,0.710851
112c125g_100-4-4-tpcc-nan,32c64g_64-1000000-4-oltp_write_only-1.0,817,0.209107,0.604553
112c125g_100-4-4-tpcc-nan,4c6g_10-4-4-tpcc-nan,359,0.567329,0.783664
112c125g_100-4-4-tpcc-nan,4c6g_100-4-4-tpcc-nan,359,0.474472,0.737236
112c125g_100-4-4-tpcc-nan,4c6g_50-4-4-tpcc-nan,359,0.538721,0.769361
112c125g_100-4-4-tpcc-nan,4c6g_64-100000-4-oltp_read_only-0.2,359,0.392906,0.696453
112c125g_100-4-4-tpcc-nan,4c6g_64-100000-4-oltp_read_only-0.6,359,0.335808,0.667904
112c125g_100-4-4-tpcc-nan,4c6g_64-100000-4-oltp_read_only-1.0,359,0.383892,0.691946
112c125g_100-4-4-tpcc-nan,4c6g_64-100000-4-oltp_read_write_20-0.2,359,0.491479,0.745739
112c125g_100-4-4-tpcc-nan,4c6g_64-100000-4-oltp_read_write_20-0.6,359,0.500786,0.750393
112c125g_100-4-4-tpcc-nan,4c6g_64-100000-4-oltp_read_write_20-1.0,359,0.248062,0.624031
112c125g_100-4-4-tpcc-nan,4c6g_64-100000-4-oltp_read_write_5-0.2,359,0.475448,0.737724
112c125g_100-4-4-tpcc-nan,4c6g_64-100000-4-oltp_read_write_5-0.6,359,0.321511,0.660755
112c125g_100-4-4-tpcc-nan,4c6g_64-100000-4-oltp_read_write_5-1.0,359,0.230589,0.615295
112c125g_100-4-4-tpcc-nan,4c6g_64-100000-4-oltp_read_write_50-0.2,359,0.521572,0.760786
112c125g_100-4-4-tpcc-nan,4c6g_64-100000-4-oltp_read_write_50-0.6,359,0.513268,0.756634
112c125g_100-4-4-tpcc-nan,4c6g_64-100000-4-oltp_read_write_50-1.0,359,0.231458,0.615729
112c125g_100-4-4-tpcc-nan,4c6g_64-100000-4-oltp_read_write_80-0.2,359,0.469297,0.734649
112c125g_100-4-4-tpcc-nan,4c6g_64-100000-4-oltp_read_write_80-0.6,359,0.457761,0.728881
112c125g_100-4-4-tpcc-nan,4c6g_64-100000-4-oltp_read_write_80-1.0,359,0.231371,0.615686
112c125g_100-4-4-tpcc-nan,4c6g_64-100000-4-oltp_read_write_95-0.2,359,0.451133,0.725567
112c125g_100-4-4-tpcc-nan,4c6g_64-100000-4-oltp_read_write_95-0.6,359,0.438234,0.719117
112c125g_100-4-4-tpcc-nan,4c6g_64-100000-4-oltp_read_write_95-1.0,359,0.340552,0.670276
112c125g_100-4-4-tpcc-nan,4c6g_64-100000-4-oltp_write_only-0.2,359,0.287548,0.643774
112c125g_100-4-4-tpcc-nan,4c6g_64-100000-4-oltp_write_only-0.6,359,0.186718,0.593359
112c125g_100-4-4-tpcc-nan,4c6g_64-100000-4-oltp_write_only-1.0,359,0.087586,0.543793
112c125g_100-4-4-tpcc-nan,4c6g_64-1000000-4-oltp_read_only-0.2,359,0.360321,0.68016
112c125g_100-4-4-tpcc-nan,4c6g_64-1000000-4-oltp_read_only-0.6,359,0.450125,0.725063
112c125g_100-4-4-tpcc-nan,4c6g_64-1000000-4-oltp_read_only-1.0,359,0.400433,0.700216
112c125g_100-4-4-tpcc-nan,4c6g_64-1000000-4-oltp_read_write_20-0.2,359,0.383623,0.691811
112c125g_100-4-4-tpcc-nan,4c6g_64-1000000-4-oltp_read_write_20-0.6,359,0.405344,0.702672
112c125g_100-4-4-tpcc-nan,4c6g_64-1000000-4-oltp_read_write_20-1.0,359,0.453902,0.726951
112c125g_100-4-4-tpcc-nan,4c6g_64-1000000-4-oltp_read_write_5-0.2,359,0.356241,0.678121
112c125g_100-4-4-tpcc-nan,4c6g_64-1000000-4-oltp_read_write_5-0.6,359,0.380355,0.690177
112c125g_100-4-4-tpcc-nan,4c6g_64-1000000-4-oltp_read_write_5-1.0,359,0.23554,0.61777
112c125g_100-4-4-tpcc-nan,4c6g_64-1000000-4-oltp_read_write_50-0.2,359,0.238848,0.619424
112c125g_100-4-4-tpcc-nan,4c6g_64-1000000-4-oltp_read_write_50-0.6,359,0.386015,0.693007
112c125g_100-4-4-tpcc-nan,4c6g_64-1000000-4-oltp_read_write_50-1.0,359,0.478465,0.739232
112c125g_100-4-4-tpcc-nan,4c6g_64-1000000-4-oltp_read_write_80-0.2,359,0.375667,0.687834
112c125g_100-4-4-tpcc-nan,4c6g_64-1000000-4-oltp_read_write_80-0.6,359,0.425995,0.712997
112c125g_100-4-4-tpcc-nan,4c6g_64-1000000-4-oltp_read_write_80-1.0,359,0.392097,0.696048
112c125g_100-4-4-tpcc-nan,4c6g_64-1000000-4-oltp_read_write_95-0.2,359,0.452432,0.726216
112c125g_100-4-4-tpcc-nan,4c6g_64-1000000-4-oltp_read_write_95-0.6,359,0.427859,0.713929
112c125g_100-4-4-tpcc-nan,4c6g_64-1000000-4-oltp_read_write_95-1.0,359,0.427392,0.713696
112c125g_100-4-4-tpcc-nan,4c6g_64-1000000-4-oltp_write_only-0.2,359,0.2738,0.6369
112c125g_100-4-4-tpcc-nan,4c6g_64-1000000-4-oltp_write_only-0.6,359,0.42354,0.71177
112c125g_100-4-4-tpcc-nan,4c6g_64-1000000-4-oltp_write_only-1.0,359,0.243787,0.621893
112c125g_100-4-4-tpcc-nan,88c190g_10-4-4-tpcc-nan,820,0.472455,0.736227
112c125g_100-4-4-tpcc-nan,88c190g_100-4-4-tpcc-nan,820,0.412535,0.706268
112c125g_100-4-4-tpcc-nan,88c190g_64-1000000-4-oltp_read_only-0.2,820,0.338095,0.669047
112c125g_100-4-4-tpcc-nan,88c190g_64-1000000-4-oltp_read_only-0.6,820,0.325282,0.662641
112c125g_100-4-4-tpcc-nan,88c190g_64-1000000-4-oltp_read_only-1.0,820,0.33415,0.667075
112c125g_100-4-4-tpcc-nan,88c190g_64-1000000-4-oltp_read_write_20-0.2,820,0.433144,0.716572
112c125g_100-4-4-tpcc-nan,88c190g_64-1000000-4-oltp_read_write_20-0.6,820,0.448506,0.724253
112c125g_100-4-4-tpcc-nan,88c190g_64-1000000-4-oltp_read_write_20-1.0,820,0.441825,0.720913
112c125g_100-4-4-tpcc-nan,88c190g_64-1000000-4-oltp_read_write_5-0.2,820,0.455393,0.727696
112c125g_100-4-4-tpcc-nan,88c190g_64-1000000-4-oltp_read_write_5-0.6,820,0.507916,0.753958
112c125g_100-4-4-tpcc-nan,88c190g_64-1000000-4-oltp_read_write_5-1.0,820,0.500974,0.750487
112c125g_100-4-4-tpcc-nan,88c190g_64-1000000-4-oltp_read_write_50-0.2,820,0.362033,0.681017
112c125g_100-4-4-tpcc-nan,88c190g_64-1000000-4-oltp_read_write_50-0.6,820,0.42554,0.71277
112c125g_100-4-4-tpcc-nan,88c190g_64-1000000-4-oltp_read_write_50-1.0,820,0.427487,0.713744
112c125g_100-4-4-tpcc-nan,88c190g_64-1000000-4-oltp_read_write_80-0.2,820,0.399098,0.699549
112c125g_100-4-4-tpcc-nan,88c190g_64-1000000-4-oltp_read_write_80-0.6,820,0.415709,0.707854
112c125g_100-4-4-tpcc-nan,88c190g_64-1000000-4-oltp_read_write_80-1.0,820,0.409495,0.704747
112c125g_100-4-4-tpcc-nan,88c190g_64-1000000-4-oltp_read_write_95-0.2,820,0.391371,0.695686
112c125g_100-4-4-tpcc-nan,88c190g_64-1000000-4-oltp_read_write_95-0.6,820,0.403019,0.70151
112c125g_100-4-4-tpcc-nan,88c190g_64-1000000-4-oltp_read_write_95-1.0,820,0.406161,0.70308
112c125g_100-4-4-tpcc-nan,88c190g_64-1000000-4-oltp_write_only-0.2,820,0.411326,0.705663
112c125g_100-4-4-tpcc-nan,88c190g_64-1000000-4-oltp_write_only-0.6,820,0.426998,0.713499
112c125g_100-4-4-tpcc-nan,88c190g_64-1000000-4-oltp_write_only-1.0,820,0.221089,0.610545
112c125g_100-4-4-tpcc-nan,8c12g_10-4-4-tpcc-nan,495,0.659008,0.829504
112c125g_100-4-4-tpcc-nan,8c12g_100-4-4-tpcc-nan,495,0.618736,0.809368
112c125g_100-4-4-tpcc-nan,8c12g_50-4-4-tpcc-nan,495,0.583902,0.791951
112c125g_100-4-4-tpcc-nan,8c12g_64-100000-4-oltp_read_only-0.2,495,0.428785,0.714393
112c125g_100-4-4-tpcc-nan,8c12g_64-100000-4-oltp_read_only-0.6,495,0.428411,0.714206
112c125g_100-4-4-tpcc-nan,8c12g_64-100000-4-oltp_read_only-1.0,495,0.443407,0.721704
112c125g_100-4-4-tpcc-nan,8c12g_64-100000-4-oltp_read_write_20-0.2,495,0.54137,0.770685
112c125g_100-4-4-tpcc-nan,8c12g_64-100000-4-oltp_read_write_20-0.6,495,0.542515,0.771258
112c125g_100-4-4-tpcc-nan,8c12g_64-100000-4-oltp_read_write_20-1.0,495,0.303867,0.651934
112c125g_100-4-4-tpcc-nan,8c12g_64-100000-4-oltp_read_write_5-0.2,495,0.495275,0.747637
112c125g_100-4-4-tpcc-nan,8c12g_64-100000-4-oltp_read_write_5-0.6,495,0.316236,0.658118
112c125g_100-4-4-tpcc-nan,8c12g_64-100000-4-oltp_read_write_5-1.0,495,0.180308,0.590154
112c125g_100-4-4-tpcc-nan,8c12g_64-100000-4-oltp_read_write_50-0.2,495,0.554086,0.777043
112c125g_100-4-4-tpcc-nan,8c12g_64-100000-4-oltp_read_write_50-0.6,495,0.546309,0.773154
112c125g_100-4-4-tpcc-nan,8c12g_64-100000-4-oltp_read_write_50-1.0,495,0.276629,0.638314
112c125g_100-4-4-tpcc-nan,8c12g_64-100000-4-oltp_read_write_80-0.2,495,0.523748,0.761874
112c125g_100-4-4-tpcc-nan,8c12g_64-100000-4-oltp_read_write_80-0.6,495,0.529874,0.764937
112c125g_100-4-4-tpcc-nan,8c12g_64-100000-4-oltp_read_write_80-1.0,495,0.292318,0.646159
112c125g_100-4-4-tpcc-nan,8c12g_64-100000-4-oltp_read_write_95-0.2,495,0.501399,0.750699
112c125g_100-4-4-tpcc-nan,8c12g_64-100000-4-oltp_read_write_95-0.6,495,0.502329,0.751165
112c125g_100-4-4-tpcc-nan,8c12g_64-100000-4-oltp_read_write_95-1.0,495,0.397613,0.698807
112c125g_100-4-4-tpcc-nan,8c12g_64-100000-4-oltp_write_only-0.2,495,0.320004,0.660002
112c125g_100-4-4-tpcc-nan,8c12g_64-100000-4-oltp_write_only-0.6,495,0.228914,0.614457
112c125g_100-4-4-tpcc-nan,8c12g_64-100000-4-oltp_write_only-1.0,495,0.072643,0.536322
112c125g_100-4-4-tpcc-nan,8c12g_64-1000000-4-oltp_read_only-0.2,495,0.470668,0.735334
112c125g_100-4-4-tpcc-nan,8c12g_64-1000000-4-oltp_read_only-0.6,495,0.462467,0.731233
112c125g_100-4-4-tpcc-nan,8c12g_64-1000000-4-oltp_read_only-1.0,495,0.479615,0.739807
112c125g_100-4-4-tpcc-nan,8c12g_64-1000000-4-oltp_read_write_20-0.2,495,0.505973,0.752987
112c125g_100-4-4-tpcc-nan,8c12g_64-1000000-4-oltp_read_write_20-0.6,495,0.480122,0.740061
112c125g_100-4-4-tpcc-nan,8c12g_64-1000000-4-oltp_read_write_20-1.0,495,0.463995,0.731998
112c125g_100-4-4-tpcc-nan,8c12g_64-1000000-4-oltp_read_write_5-0.2,495,0.374304,0.687152
112c125g_100-4-4-tpcc-nan,8c12g_64-1000000-4-oltp_read_write_5-0.6,495,0.313402,0.656701
112c125g_100-4-4-tpcc-nan,8c12g_64-1000000-4-oltp_read_write_5-1.0,495,0.143412,0.571706
112c125g_100-4-4-tpcc-nan,8c12g_64-1000000-4-oltp_read_write_50-0.2,495,0.433192,0.716596
112c125g_100-4-4-tpcc-nan,8c12g_64-1000000-4-oltp_read_write_50-0.6,495,0.540485,0.770243
112c125g_100-4-4-tpcc-nan,8c12g_64-1000000-4-oltp_read_write_50-1.0,495,0.566004,0.783002
112c125g_100-4-4-tpcc-nan,8c12g_64-1000000-4-oltp_read_write_80-0.2,495,0.486524,0.743262
112c125g_100-4-4-tpcc-nan,8c12g_64-1000000-4-oltp_read_write_80-0.6,495,0.534636,0.767318
112c125g_100-4-4-tpcc-nan,8c12g_64-1000000-4-oltp_read_write_80-1.0,495,0.448935,0.724468
112c125g_100-4-4-tpcc-nan,8c12g_64-1000000-4-oltp_read_write_95-0.2,495,0.483567,0.741783
112c125g_100-4-4-tpcc-nan,8c12g_64-1000000-4-oltp_read_write_95-0.6,495,0.499877,0.749939
112c125g_100-4-4-tpcc-nan,8c12g_64-1000000-4-oltp_read_write_95-1.0,495,0.499098,0.749549
112c125g_100-4-4-tpcc-nan,8c12g_64-1000000-4-oltp_write_only-0.2,495,0.395496,0.697748
112c125g_100-4-4-tpcc-nan,8c12g_64-1000000-4-oltp_write_only-0.6,495,0.52424,0.76212
112c125g_100-4-4-tpcc-nan,8c12g_64-1000000-4-oltp_write_only-1.0,495,0.29569,0.647845
112c125g_64-1000000-4-oltp_read_only-0.2,12c16g_10-4-4-tpcc-nan,584,0.046778,0.523389
112c125g_64-1000000-4-oltp_read_only-0.2,12c16g_100-4-4-tpcc-nan,584,0.088043,0.544022
112c125g_64-1000000-4-oltp_read_only-0.2,12c16g_50-4-4-tpcc-nan,584,0.071457,0.535729
112c125g_64-1000000-4-oltp_read_only-0.2,12c16g_64-100000-4-oltp_read_only-0.2,584,0.091423,0.545711
112c125g_64-1000000-4-oltp_read_only-0.2,12c16g_64-100000-4-oltp_read_only-0.6,584,0.098693,0.549346
112c125g_64-1000000-4-oltp_read_only-0.2,12c16g_64-100000-4-oltp_read_only-1.0,584,0.107936,0.553968
112c125g_64-1000000-4-oltp_read_only-0.2,12c16g_64-100000-4-oltp_read_write_20-0.2,584,0.052379,0.526189
112c125g_64-1000000-4-oltp_read_only-0.2,12c16g_64-100000-4-oltp_read_write_20-0.6,584,0.043937,0.521968
112c125g_64-1000000-4-oltp_read_only-0.2,12c16g_64-100000-4-oltp_read_write_20-1.0,584,0.101771,0.550885
112c125g_64-1000000-4-oltp_read_only-0.2,12c16g_64-100000-4-oltp_read_write_5-0.2,584,0.077844,0.538922
112c125g_64-1000000-4-oltp_read_only-0.2,12c16g_64-100000-4-oltp_read_write_5-0.6,584,0.109241,0.554621
112c125g_64-1000000-4-oltp_read_only-0.2,12c16g_64-100000-4-oltp_read_write_5-1.0,584,0.125086,0.562543
112c125g_64-1000000-4-oltp_read_only-0.2,12c16g_64-100000-4-oltp_read_write_50-0.2,584,0.039876,0.519938
112c125g_64-1000000-4-oltp_read_only-0.2,12c16g_64-100000-4-oltp_read_write_50-0.6,584,0.049488,0.524744
112c125g_64-1000000-4-oltp_read_only-0.2,12c16g_64-100000-4-oltp_read_write_50-1.0,584,0.086447,0.543224
112c125g_64-1000000-4-oltp_read_only-0.2,12c16g_64-100000-4-oltp_read_write_80-0.2,584,0.060354,0.530177
112c125g_64-1000000-4-oltp_read_only-0.2,12c16g_64-100000-4-oltp_read_write_80-0.6,584,0.061728,0.530864
112c125g_64-1000000-4-oltp_read_only-0.2,12c16g_64-100000-4-oltp_read_write_80-1.0,584,0.122407,0.561203
112c125g_64-1000000-4-oltp_read_only-0.2,12c16g_64-100000-4-oltp_read_write_95-0.2,584,0.067043,0.533522
112c125g_64-1000000-4-oltp_read_only-0.2,12c16g_64-100000-4-oltp_read_write_95-0.6,584,0.089413,0.544706
112c125g_64-1000000-4-oltp_read_only-0.2,12c16g_64-100000-4-oltp_read_write_95-1.0,584,0.104193,0.552096
112c125g_64-1000000-4-oltp_read_only-0.2,12c16g_64-100000-4-oltp_write_only-0.2,584,0.064213,0.532106
112c125g_64-1000000-4-oltp_read_only-0.2,12c16g_64-100000-4-oltp_write_only-0.6,584,0.089843,0.544921
112c125g_64-1000000-4-oltp_read_only-0.2,12c16g_64-100000-4-oltp_write_only-1.0,584,0.153581,0.576791
112c125g_64-1000000-4-oltp_read_only-0.2,12c16g_64-1000000-4-oltp_read_only-0.2,584,0.148747,0.574373
112c125g_64-1000000-4-oltp_read_only-0.2,12c16g_64-1000000-4-oltp_read_only-0.6,584,0.149567,0.574783
112c125g_64-1000000-4-oltp_read_only-0.2,12c16g_64-1000000-4-oltp_read_only-1.0,584,0.131771,0.565885
112c125g_64-1000000-4-oltp_read_only-0.2,12c16g_64-1000000-4-oltp_read_write_20-0.2,584,0.088635,0.544318
112c125g_64-1000000-4-oltp_read_only-0.2,12c16g_64-1000000-4-oltp_read_write_20-0.6,584,0.090114,0.545057
112c125g_64-1000000-4-oltp_read_only-0.2,12c16g_64-1000000-4-oltp_read_write_20-1.0,584,0.10086,0.55043
112c125g_64-1000000-4-oltp_read_only-0.2,12c16g_64-1000000-4-oltp_read_write_5-0.2,584,0.055353,0.527677
112c125g_64-1000000-4-oltp_read_only-0.2,12c16g_64-1000000-4-oltp_read_write_5-0.6,584,0.057315,0.528657
112c125g_64-1000000-4-oltp_read_only-0.2,12c16g_64-1000000-4-oltp_read_write_5-1.0,584,0.083956,0.541978
112c125g_64-1000000-4-oltp_read_only-0.2,12c16g_64-1000000-4-oltp_read_write_50-0.2,584,0.115855,0.557927
112c125g_64-1000000-4-oltp_read_only-0.2,12c16g_64-1000000-4-oltp_read_write_50-0.6,584,0.09317,0.546585
112c125g_64-1000000-4-oltp_read_only-0.2,12c16g_64-1000000-4-oltp_read_write_50-1.0,584,0.097333,0.548666
112c125g_64-1000000-4-oltp_read_only-0.2,12c16g_64-1000000-4-oltp_read_write_80-0.2,584,0.172435,0.586217
112c125g_64-1000000-4-oltp_read_only-0.2,12c16g_64-1000000-4-oltp_read_write_80-0.6,584,0.144595,0.572298
112c125g_64-1000000-4-oltp_read_only-0.2,12c16g_64-1000000-4-oltp_read_write_80-1.0,584,0.166277,0.583138
112c125g_64-1000000-4-oltp_read_only-0.2,12c16g_64-1000000-4-oltp_read_write_95-0.2,584,0.154629,0.577314
112c125g_64-1000000-4-oltp_read_only-0.2,12c16g_64-1000000-4-oltp_read_write_95-0.6,584,0.122782,0.561391
112c125g_64-1000000-4-oltp_read_only-0.2,12c16g_64-1000000-4-oltp_read_write_95-1.0,584,0.141174,0.570587
112c125g_64-1000000-4-oltp_read_only-0.2,12c16g_64-1000000-4-oltp_write_only-0.2,584,0.083245,0.541622
112c125g_64-1000000-4-oltp_read_only-0.2,12c16g_64-1000000-4-oltp_write_only-0.6,584,0.076354,0.538177
112c125g_64-1000000-4-oltp_read_only-0.2,12c16g_64-1000000-4-oltp_write_only-1.0,584,0.183267,0.591633
112c125g_64-1000000-4-oltp_read_only-0.2,16c24g_10-4-4-tpcc-nan,645,0.097793,0.548896
112c125g_64-1000000-4-oltp_read_only-0.2,16c24g_100-4-4-tpcc-nan,645,0.172387,0.586194
112c125g_64-1000000-4-oltp_read_only-0.2,16c24g_50-4-4-tpcc-nan,645,0.153764,0.576882
112c125g_64-1000000-4-oltp_read_only-0.2,16c24g_64-100000-4-oltp_read_only-0.2,645,0.142206,0.571103
112c125g_64-1000000-4-oltp_read_only-0.2,16c24g_64-100000-4-oltp_read_only-0.6,645,0.217216,0.608608
112c125g_64-1000000-4-oltp_read_only-0.2,16c24g_64-100000-4-oltp_read_only-1.0,645,0.225382,0.612691
112c125g_64-1000000-4-oltp_read_only-0.2,16c24g_64-100000-4-oltp_read_write_20-0.2,645,0.116063,0.558032
112c125g_64-1000000-4-oltp_read_only-0.2,16c24g_64-100000-4-oltp_read_write_20-0.6,645,0.121861,0.560931
112c125g_64-1000000-4-oltp_read_only-0.2,16c24g_64-100000-4-oltp_read_write_20-1.0,645,0.128408,0.564204
112c125g_64-1000000-4-oltp_read_only-0.2,16c24g_64-100000-4-oltp_read_write_5-0.2,645,0.108536,0.554268
112c125g_64-1000000-4-oltp_read_only-0.2,16c24g_64-100000-4-oltp_read_write_5-0.6,645,0.034622,0.517311
112c125g_64-1000000-4-oltp_read_only-0.2,16c24g_64-100000-4-oltp_read_write_5-1.0,645,0.048109,0.524054
112c125g_64-1000000-4-oltp_read_only-0.2,16c24g_64-100000-4-oltp_read_write_50-0.2,645,0.125846,0.562923
112c125g_64-1000000-4-oltp_read_only-0.2,16c24g_64-100000-4-oltp_read_write_50-0.6,645,0.131742,0.565871
112c125g_64-1000000-4-oltp_read_only-0.2,16c24g_64-100000-4-oltp_read_write_50-1.0,645,0.141769,0.570885
112c125g_64-1000000-4-oltp_read_only-0.2,16c24g_64-100000-4-oltp_read_write_80-0.2,645,0.147238,0.573619
112c125g_64-1000000-4-oltp_read_only-0.2,16c24g_64-100000-4-oltp_read_write_80-0.6,645,0.142602,0.571301
112c125g_64-1000000-4-oltp_read_only-0.2,16c24g_64-100000-4-oltp_read_write_80-1.0,645,0.144618,0.572309
112c125g_64-1000000-4-oltp_read_only-0.2,16c24g_64-100000-4-oltp_read_write_95-0.2,645,0.164059,0.58203
112c125g_64-1000000-4-oltp_read_only-0.2,16c24g_64-100000-4-oltp_read_write_95-0.6,645,0.171087,0.585543
112c125g_64-1000000-4-oltp_read_only-0.2,16c24g_64-100000-4-oltp_read_write_95-1.0,645,0.172904,0.586452
112c125g_64-1000000-4-oltp_read_only-0.2,16c24g_64-100000-4-oltp_write_only-0.2,645,0.108319,0.554159
112c125g_64-1000000-4-oltp_read_only-0.2,16c24g_64-100000-4-oltp_write_only-0.6,645,0.124845,0.562423
112c125g_64-1000000-4-oltp_read_only-0.2,16c24g_64-100000-4-oltp_write_only-1.0,645,0.080099,0.540049
112c125g_64-1000000-4-oltp_read_only-0.2,16c24g_64-1000000-4-oltp_read_only-0.2,645,0.264328,0.632164
112c125g_64-1000000-4-oltp_read_only-0.2,16c24g_64-1000000-4-oltp_read_only-0.6,645,0.254688,0.627344
112c125g_64-1000000-4-oltp_read_only-0.2,16c24g_64-1000000-4-oltp_read_only-1.0,645,0.265667,0.632833
112c125g_64-1000000-4-oltp_read_only-0.2,16c24g_64-1000000-4-oltp_read_write_20-0.2,645,0.142489,0.571245
112c125g_64-1000000-4-oltp_read_only-0.2,16c24g_64-1000000-4-oltp_read_write_20-0.6,645,0.118989,0.559494
112c125g_64-1000000-4-oltp_read_only-0.2,16c24g_64-1000000-4-oltp_read_write_20-1.0,645,0.081672,0.540836
112c125g_64-1000000-4-oltp_read_only-0.2,16c24g_64-1000000-4-oltp_read_write_5-0.2,645,0.122166,0.561083
112c125g_64-1000000-4-oltp_read_only-0.2,16c24g_64-1000000-4-oltp_read_write_5-0.6,645,0.086543,0.543272
112c125g_64-1000000-4-oltp_read_only-0.2,16c24g_64-1000000-4-oltp_read_write_5-1.0,645,0.010297,0.505148
112c125g_64-1000000-4-oltp_read_only-0.2,16c24g_64-1000000-4-oltp_read_write_50-0.2,645,0.184441,0.592221
112c125g_64-1000000-4-oltp_read_only-0.2,16c24g_64-1000000-4-oltp_read_write_50-0.6,645,0.161308,0.580654
112c125g_64-1000000-4-oltp_read_only-0.2,16c24g_64-1000000-4-oltp_read_write_50-1.0,645,0.153176,0.576588
112c125g_64-1000000-4-oltp_read_only-0.2,16c24g_64-1000000-4-oltp_read_write_80-0.2,645,0.213273,0.606637
112c125g_64-1000000-4-oltp_read_only-0.2,16c24g_64-1000000-4-oltp_read_write_80-0.6,645,0.197374,0.598687
112c125g_64-1000000-4-oltp_read_only-0.2,16c24g_64-1000000-4-oltp_read_write_80-1.0,645,0.168738,0.584369
112c125g_64-1000000-4-oltp_read_only-0.2,16c24g_64-1000000-4-oltp_read_write_95-0.2,645,0.24641,0.623205
112c125g_64-1000000-4-oltp_read_only-0.2,16c24g_64-1000000-4-oltp_read_write_95-0.6,645,0.236599,0.618299
112c125g_64-1000000-4-oltp_read_only-0.2,16c24g_64-1000000-4-oltp_read_write_95-1.0,645,0.236445,0.618223
112c125g_64-1000000-4-oltp_read_only-0.2,16c24g_64-1000000-4-oltp_write_only-0.2,645,0.115228,0.557614
112c125g_64-1000000-4-oltp_read_only-0.2,16c24g_64-1000000-4-oltp_write_only-0.6,645,0.11178,0.55589
112c125g_64-1000000-4-oltp_read_only-0.2,16c24g_64-1000000-4-oltp_write_only-1.0,645,0.077297,0.538648
112c125g_64-1000000-4-oltp_read_only-0.2,24c32g_10-4-4-tpcc-nan,746,0.165194,0.582597
112c125g_64-1000000-4-oltp_read_only-0.2,24c32g_100-4-4-tpcc-nan,746,0.217575,0.608787
112c125g_64-1000000-4-oltp_read_only-0.2,24c32g_50-4-4-tpcc-nan,746,0.19144,0.59572
112c125g_64-1000000-4-oltp_read_only-0.2,24c32g_64-100000-4-oltp_read_only-0.2,746,0.206938,0.603469
112c125g_64-1000000-4-oltp_read_only-0.2,24c32g_64-100000-4-oltp_read_only-0.6,746,0.209497,0.604748
112c125g_64-1000000-4-oltp_read_only-0.2,24c32g_64-100000-4-oltp_read_only-1.0,746,0.249907,0.624954
112c125g_64-1000000-4-oltp_read_only-0.2,24c32g_64-100000-4-oltp_read_write_20-0.2,746,0.166069,0.583034
112c125g_64-1000000-4-oltp_read_only-0.2,24c32g_64-100000-4-oltp_read_write_20-0.6,746,0.153637,0.576819
112c125g_64-1000000-4-oltp_read_only-0.2,24c32g_64-100000-4-oltp_read_write_20-1.0,746,0.163544,0.581772
112c125g_64-1000000-4-oltp_read_only-0.2,24c32g_64-100000-4-oltp_read_write_5-0.2,746,0.136355,0.568177
112c125g_64-1000000-4-oltp_read_only-0.2,24c32g_64-100000-4-oltp_read_write_5-0.6,746,0.035673,0.517837
112c125g_64-1000000-4-oltp_read_only-0.2,24c32g_64-100000-4-oltp_read_write_5-1.0,746,0.055481,0.52774
112c125g_64-1000000-4-oltp_read_only-0.2,24c32g_64-100000-4-oltp_read_write_50-0.2,746,0.168617,0.584308
112c125g_64-1000000-4-oltp_read_only-0.2,24c32g_64-100000-4-oltp_read_write_50-0.6,746,0.170195,0.585097
112c125g_64-1000000-4-oltp_read_only-0.2,24c32g_64-100000-4-oltp_read_write_50-1.0,746,0.157727,0.578864
112c125g_64-1000000-4-oltp_read_only-0.2,24c32g_64-100000-4-oltp_read_write_80-0.2,746,0.18478,0.59239
112c125g_64-1000000-4-oltp_read_only-0.2,24c32g_64-100000-4-oltp_read_write_80-0.6,746,0.185594,0.592797
112c125g_64-1000000-4-oltp_read_only-0.2,24c32g_64-100000-4-oltp_read_write_80-1.0,746,0.168367,0.584184
112c125g_64-1000000-4-oltp_read_only-0.2,24c32g_64-100000-4-oltp_read_write_95-0.2,746,0.204849,0.602424
112c125g_64-1000000-4-oltp_read_only-0.2,24c32g_64-100000-4-oltp_read_write_95-0.6,746,0.206625,0.603312
112c125g_64-1000000-4-oltp_read_only-0.2,24c32g_64-100000-4-oltp_read_write_95-1.0,746,0.208888,0.604444
112c125g_64-1000000-4-oltp_read_only-0.2,24c32g_64-100000-4-oltp_write_only-0.2,746,0.137591,0.568795
112c125g_64-1000000-4-oltp_read_only-0.2,24c32g_64-100000-4-oltp_write_only-0.6,746,0.139444,0.569722
112c125g_64-1000000-4-oltp_read_only-0.2,24c32g_64-100000-4-oltp_write_only-1.0,746,0.083448,0.541724
112c125g_64-1000000-4-oltp_read_only-0.2,24c32g_64-1000000-4-oltp_read_only-0.2,746,0.310603,0.655302
112c125g_64-1000000-4-oltp_read_only-0.2,24c32g_64-1000000-4-oltp_read_only-0.6,746,0.306305,0.653153
112c125g_64-1000000-4-oltp_read_only-0.2,24c32g_64-1000000-4-oltp_read_only-1.0,746,0.281928,0.640964
112c125g_64-1000000-4-oltp_read_only-0.2,24c32g_64-1000000-4-oltp_read_write_20-0.2,746,0.178811,0.589406
112c125g_64-1000000-4-oltp_read_only-0.2,24c32g_64-1000000-4-oltp_read_write_20-0.6,746,0.151065,0.575532
112c125g_64-1000000-4-oltp_read_only-0.2,24c32g_64-1000000-4-oltp_read_write_20-1.0,746,0.094405,0.547203
112c125g_64-1000000-4-oltp_read_only-0.2,24c32g_64-1000000-4-oltp_read_write_5-0.2,746,0.120963,0.560481
112c125g_64-1000000-4-oltp_read_only-0.2,24c32g_64-1000000-4-oltp_read_write_5-0.6,746,0.072823,0.536411
112c125g_64-1000000-4-oltp_read_only-0.2,24c32g_64-1000000-4-oltp_read_write_5-1.0,746,0.026294,0.513147
112c125g_64-1000000-4-oltp_read_only-0.2,24c32g_64-1000000-4-oltp_read_write_50-0.2,746,0.2364,0.6182
112c125g_64-1000000-4-oltp_read_only-0.2,24c32g_64-1000000-4-oltp_read_write_50-0.6,746,0.212404,0.606202
112c125g_64-1000000-4-oltp_read_only-0.2,24c32g_64-1000000-4-oltp_read_write_50-1.0,746,0.197654,0.598827
112c125g_64-1000000-4-oltp_read_only-0.2,24c32g_64-1000000-4-oltp_read_write_80-0.2,746,0.264395,0.632197
112c125g_64-1000000-4-oltp_read_only-0.2,24c32g_64-1000000-4-oltp_read_write_80-0.6,746,0.249468,0.624734
112c125g_64-1000000-4-oltp_read_only-0.2,24c32g_64-1000000-4-oltp_read_write_80-1.0,746,0.204955,0.602477
112c125g_64-1000000-4-oltp_read_only-0.2,24c32g_64-1000000-4-oltp_read_write_95-0.2,746,0.304704,0.652352
112c125g_64-1000000-4-oltp_read_only-0.2,24c32g_64-1000000-4-oltp_read_write_95-0.6,746,0.292837,0.646418
112c125g_64-1000000-4-oltp_read_only-0.2,24c32g_64-1000000-4-oltp_read_write_95-1.0,746,0.273022,0.636511
112c125g_64-1000000-4-oltp_read_only-0.2,24c32g_64-1000000-4-oltp_write_only-0.2,746,0.1441,0.57205
112c125g_64-1000000-4-oltp_read_only-0.2,24c32g_64-1000000-4-oltp_write_only-0.6,746,0.154625,0.577312
112c125g_64-1000000-4-oltp_read_only-0.2,24c32g_64-1000000-4-oltp_write_only-1.0,746,0.140352,0.570176
112c125g_64-1000000-4-oltp_read_only-0.2,32c64g_10-4-4-tpcc-nan,817,0.154117,0.577058
112c125g_64-1000000-4-oltp_read_only-0.2,32c64g_100-4-4-tpcc-nan,817,0.220155,0.610078
112c125g_64-1000000-4-oltp_read_only-0.2,32c64g_50-4-4-tpcc-nan,817,0.207952,0.603976
112c125g_64-1000000-4-oltp_read_only-0.2,32c64g_64-100000-4-oltp_read_only-0.2,817,0.239811,0.619906
112c125g_64-1000000-4-oltp_read_only-0.2,32c64g_64-100000-4-oltp_read_only-0.6,817,0.246066,0.623033
112c125g_64-1000000-4-oltp_read_only-0.2,32c64g_64-100000-4-oltp_read_only-1.0,817,0.262979,0.63149
112c125g_64-1000000-4-oltp_read_only-0.2,32c64g_64-100000-4-oltp_read_write_20-0.2,817,0.154452,0.577226
112c125g_64-1000000-4-oltp_read_only-0.2,32c64g_64-100000-4-oltp_read_write_20-0.6,817,0.157889,0.578944
112c125g_64-1000000-4-oltp_read_only-0.2,32c64g_64-100000-4-oltp_read_write_20-1.0,817,0.143175,0.571587
112c125g_64-1000000-4-oltp_read_only-0.2,32c64g_64-100000-4-oltp_read_write_5-0.2,817,0.133148,0.566574
112c125g_64-1000000-4-oltp_read_only-0.2,32c64g_64-100000-4-oltp_read_write_5-0.6,817,0.100368,0.550184
112c125g_64-1000000-4-oltp_read_only-0.2,32c64g_64-100000-4-oltp_read_write_5-1.0,817,0.096542,0.548271
112c125g_64-1000000-4-oltp_read_only-0.2,32c64g_64-100000-4-oltp_read_write_50-0.2,817,0.181577,0.590789
112c125g_64-1000000-4-oltp_read_only-0.2,32c64g_64-100000-4-oltp_read_write_50-0.6,817,0.169032,0.584516
112c125g_64-1000000-4-oltp_read_only-0.2,32c64g_64-100000-4-oltp_read_write_50-1.0,817,0.148377,0.574189
112c125g_64-1000000-4-oltp_read_only-0.2,32c64g_64-100000-4-oltp_read_write_80-0.2,817,0.189958,0.594979
112c125g_64-1000000-4-oltp_read_only-0.2,32c64g_64-100000-4-oltp_read_write_80-0.6,817,0.194069,0.597035
112c125g_64-1000000-4-oltp_read_only-0.2,32c64g_64-100000-4-oltp_read_write_80-1.0,817,0.160772,0.580386
112c125g_64-1000000-4-oltp_read_only-0.2,32c64g_64-100000-4-oltp_read_write_95-0.2,817,0.20163,0.600815
112c125g_64-1000000-4-oltp_read_only-0.2,32c64g_64-100000-4-oltp_read_write_95-0.6,817,0.216492,0.608246
112c125g_64-1000000-4-oltp_read_only-0.2,32c64g_64-100000-4-oltp_read_write_95-1.0,817,0.199402,0.599701
112c125g_64-1000000-4-oltp_read_only-0.2,32c64g_64-100000-4-oltp_write_only-0.2,817,0.136453,0.568226
112c125g_64-1000000-4-oltp_read_only-0.2,32c64g_64-100000-4-oltp_write_only-0.6,817,0.134338,0.567169
112c125g_64-1000000-4-oltp_read_only-0.2,32c64g_64-100000-4-oltp_write_only-1.0,817,0.099772,0.549886
112c125g_64-1000000-4-oltp_read_only-0.2,32c64g_64-1000000-4-oltp_read_only-0.2,817,0.279123,0.639561
112c125g_64-1000000-4-oltp_read_only-0.2,32c64g_64-1000000-4-oltp_read_only-0.6,817,0.325169,0.662585
112c125g_64-1000000-4-oltp_read_only-0.2,32c64g_64-1000000-4-oltp_read_only-1.0,817,0.300196,0.650098
112c125g_64-1000000-4-oltp_read_only-0.2,32c64g_64-1000000-4-oltp_read_write_20-0.2,817,0.181074,0.590537
112c125g_64-1000000-4-oltp_read_only-0.2,32c64g_64-1000000-4-oltp_read_write_20-0.6,817,0.156812,0.578406
112c125g_64-1000000-4-oltp_read_only-0.2,32c64g_64-1000000-4-oltp_read_write_20-1.0,817,0.094046,0.547023
112c125g_64-1000000-4-oltp_read_only-0.2,32c64g_64-1000000-4-oltp_read_write_5-0.2,817,0.14124,0.57062
112c125g_64-1000000-4-oltp_read_only-0.2,32c64g_64-1000000-4-oltp_read_write_5-0.6,817,0.079018,0.539509
112c125g_64-1000000-4-oltp_read_only-0.2,32c64g_64-1000000-4-oltp_read_write_5-1.0,817,-0.000651,0.499674
112c125g_64-1000000-4-oltp_read_only-0.2,32c64g_64-1000000-4-oltp_read_write_50-0.2,817,0.244818,0.622409
112c125g_64-1000000-4-oltp_read_only-0.2,32c64g_64-1000000-4-oltp_read_write_50-0.6,817,0.218171,0.609085
112c125g_64-1000000-4-oltp_read_only-0.2,32c64g_64-1000000-4-oltp_read_write_50-1.0,817,0.186208,0.593104
112c125g_64-1000000-4-oltp_read_only-0.2,32c64g_64-1000000-4-oltp_read_write_80-0.2,817,0.264442,0.632221
112c125g_64-1000000-4-oltp_read_only-0.2,32c64g_64-1000000-4-oltp_read_write_80-0.6,817,0.245473,0.622736
112c125g_64-1000000-4-oltp_read_only-0.2,32c64g_64-1000000-4-oltp_read_write_80-1.0,817,0.225646,0.612823
112c125g_64-1000000-4-oltp_read_only-0.2,32c64g_64-1000000-4-oltp_read_write_95-0.2,817,0.299112,0.649556
112c125g_64-1000000-4-oltp_read_only-0.2,32c64g_64-1000000-4-oltp_read_write_95-0.6,817,0.299091,0.649545
112c125g_64-1000000-4-oltp_read_only-0.2,32c64g_64-1000000-4-oltp_read_write_95-1.0,817,0.28481,0.642405
112c125g_64-1000000-4-oltp_read_only-0.2,32c64g_64-1000000-4-oltp_write_only-0.2,817,0.183139,0.591569
112c125g_64-1000000-4-oltp_read_only-0.2,32c64g_64-1000000-4-oltp_write_only-0.6,817,0.158736,0.579368
112c125g_64-1000000-4-oltp_read_only-0.2,32c64g_64-1000000-4-oltp_write_only-1.0,817,0.09681,0.548405
112c125g_64-1000000-4-oltp_read_only-0.2,4c6g_10-4-4-tpcc-nan,359,0.005104,0.502552
112c125g_64-1000000-4-oltp_read_only-0.2,4c6g_100-4-4-tpcc-nan,359,0.020325,0.510163
112c125g_64-1000000-4-oltp_read_only-0.2,4c6g_50-4-4-tpcc-nan,359,0.013306,0.506653
112c125g_64-1000000-4-oltp_read_only-0.2,4c6g_64-100000-4-oltp_read_only-0.2,359,0.060071,0.530035
112c125g_64-1000000-4-oltp_read_only-0.2,4c6g_64-100000-4-oltp_read_only-0.6,359,0.067183,0.533592
112c125g_64-1000000-4-oltp_read_only-0.2,4c6g_64-100000-4-oltp_read_only-1.0,359,0.097093,0.548546
112c125g_64-1000000-4-oltp_read_only-0.2,4c6g_64-100000-4-oltp_read_write_20-0.2,359,0.04328,0.52164
112c125g_64-1000000-4-oltp_read_only-0.2,4c6g_64-100000-4-oltp_read_write_20-0.6,359,0.069425,0.534713
112c125g_64-1000000-4-oltp_read_only-0.2,4c6g_64-100000-4-oltp_read_write_20-1.0,359,0.135565,0.567782
112c125g_64-1000000-4-oltp_read_only-0.2,4c6g_64-100000-4-oltp_read_write_5-0.2,359,0.066397,0.533198
112c125g_64-1000000-4-oltp_read_only-0.2,4c6g_64-100000-4-oltp_read_write_5-0.6,359,0.159207,0.579603
112c125g_64-1000000-4-oltp_read_only-0.2,4c6g_64-100000-4-oltp_read_write_5-1.0,359,0.199226,0.599613
112c125g_64-1000000-4-oltp_read_only-0.2,4c6g_64-100000-4-oltp_read_write_50-0.2,359,0.032979,0.51649
112c125g_64-1000000-4-oltp_read_only-0.2,4c6g_64-100000-4-oltp_read_write_50-0.6,359,0.048696,0.524348
112c125g_64-1000000-4-oltp_read_only-0.2,4c6g_64-100000-4-oltp_read_write_50-1.0,359,0.123536,0.561768
112c125g_64-1000000-4-oltp_read_only-0.2,4c6g_64-100000-4-oltp_read_write_80-0.2,359,0.047186,0.523593
112c125g_64-1000000-4-oltp_read_only-0.2,4c6g_64-100000-4-oltp_read_write_80-0.6,359,0.056165,0.528083
112c125g_64-1000000-4-oltp_read_only-0.2,4c6g_64-100000-4-oltp_read_write_80-1.0,359,0.142564,0.571282
112c125g_64-1000000-4-oltp_read_only-0.2,4c6g_64-100000-4-oltp_read_write_95-0.2,359,0.031064,0.515532
112c125g_64-1000000-4-oltp_read_only-0.2,4c6g_64-100000-4-oltp_read_write_95-0.6,359,0.053927,0.526963
112c125g_64-1000000-4-oltp_read_only-0.2,4c6g_64-100000-4-oltp_read_write_95-1.0,359,0.106976,0.553488
112c125g_64-1000000-4-oltp_read_only-0.2,4c6g_64-100000-4-oltp_write_only-0.2,359,0.078478,0.539239
112c125g_64-1000000-4-oltp_read_only-0.2,4c6g_64-100000-4-oltp_write_only-0.6,359,0.124587,0.562293
112c125g_64-1000000-4-oltp_read_only-0.2,4c6g_64-100000-4-oltp_write_only-1.0,359,0.186369,0.593185
112c125g_64-1000000-4-oltp_read_only-0.2,4c6g_64-1000000-4-oltp_read_only-0.2,359,0.026353,0.513177
112c125g_64-1000000-4-oltp_read_only-0.2,4c6g_64-1000000-4-oltp_read_only-0.6,359,0.116553,0.558277
112c125g_64-1000000-4-oltp_read_only-0.2,4c6g_64-1000000-4-oltp_read_only-1.0,359,0.093579,0.546789
112c125g_64-1000000-4-oltp_read_only-0.2,4c6g_64-1000000-4-oltp_read_write_20-0.2,359,0.012124,0.506062
112c125g_64-1000000-4-oltp_read_only-0.2,4c6g_64-1000000-4-oltp_read_write_20-0.6,359,-0.000171,0.499914
112c125g_64-1000000-4-oltp_read_only-0.2,4c6g_64-1000000-4-oltp_read_write_20-1.0,359,0.046516,0.523258
112c125g_64-1000000-4-oltp_read_only-0.2,4c6g_64-1000000-4-oltp_read_write_5-0.2,359,0.056054,0.528027
112c125g_64-1000000-4-oltp_read_only-0.2,4c6g_64-1000000-4-oltp_read_write_5-0.6,359,0.056825,0.528412
112c125g_64-1000000-4-oltp_read_only-0.2,4c6g_64-1000000-4-oltp_read_write_5-1.0,359,0.173429,0.586715
112c125g_64-1000000-4-oltp_read_only-0.2,4c6g_64-1000000-4-oltp_read_write_50-0.2,359,0.114819,0.557409
112c125g_64-1000000-4-oltp_read_only-0.2,4c6g_64-1000000-4-oltp_read_write_50-0.6,359,0.029149,0.514574
112c125g_64-1000000-4-oltp_read_only-0.2,4c6g_64-1000000-4-oltp_read_write_50-1.0,359,0.021133,0.510567
112c125g_64-1000000-4-oltp_read_only-0.2,4c6g_64-1000000-4-oltp_read_write_80-0.2,359,0.091776,0.545888
112c125g_64-1000000-4-oltp_read_only-0.2,4c6g_64-1000000-4-oltp_read_write_80-0.6,359,0.066999,0.533499
112c125g_64-1000000-4-oltp_read_only-0.2,4c6g_64-1000000-4-oltp_read_write_80-1.0,359,0.14581,0.572905
112c125g_64-1000000-4-oltp_read_only-0.2,4c6g_64-1000000-4-oltp_read_write_95-0.2,359,0.076523,0.538261
112c125g_64-1000000-4-oltp_read_only-0.2,4c6g_64-1000000-4-oltp_read_write_95-0.6,359,0.093107,0.546554
112c125g_64-1000000-4-oltp_read_only-0.2,4c6g_64-1000000-4-oltp_read_write_95-1.0,359,0.086477,0.543238
112c125g_64-1000000-4-oltp_read_only-0.2,4c6g_64-1000000-4-oltp_write_only-0.2,359,0.094105,0.547053
112c125g_64-1000000-4-oltp_read_only-0.2,4c6g_64-1000000-4-oltp_write_only-0.6,359,-0.042438,0.478781
112c125g_64-1000000-4-oltp_read_only-0.2,4c6g_64-1000000-4-oltp_write_only-1.0,359,0.118876,0.559438
112c125g_64-1000000-4-oltp_read_only-0.2,88c190g_10-4-4-tpcc-nan,820,0.21248,0.60624
112c125g_64-1000000-4-oltp_read_only-0.2,88c190g_100-4-4-tpcc-nan,820,0.2459,0.62295
112c125g_64-1000000-4-oltp_read_only-0.2,88c190g_64-1000000-4-oltp_read_only-0.2,820,0.325637,0.662818
112c125g_64-1000000-4-oltp_read_only-0.2,88c190g_64-1000000-4-oltp_read_only-0.6,820,0.310079,0.65504
112c125g_64-1000000-4-oltp_read_only-0.2,88c190g_64-1000000-4-oltp_read_only-1.0,820,0.320216,0.660108
112c125g_64-1000000-4-oltp_read_only-0.2,88c190g_64-1000000-4-oltp_read_write_20-0.2,820,0.230334,0.615167
112c125g_64-1000000-4-oltp_read_only-0.2,88c190g_64-1000000-4-oltp_read_write_20-0.6,820,0.206999,0.603499
112c125g_64-1000000-4-oltp_read_only-0.2,88c190g_64-1000000-4-oltp_read_write_20-1.0,820,0.20769,0.603845
112c125g_64-1000000-4-oltp_read_only-0.2,88c190g_64-1000000-4-oltp_read_write_5-0.2,820,0.215973,0.607986
112c125g_64-1000000-4-oltp_read_only-0.2,88c190g_64-1000000-4-oltp_read_write_5-0.6,820,0.189946,0.594973
112c125g_64-1000000-4-oltp_read_only-0.2,88c190g_64-1000000-4-oltp_read_write_5-1.0,820,0.164316,0.582158
112c125g_64-1000000-4-oltp_read_only-0.2,88c190g_64-1000000-4-oltp_read_write_50-0.2,820,0.272473,0.636236
112c125g_64-1000000-4-oltp_read_only-0.2,88c190g_64-1000000-4-oltp_read_write_50-0.6,820,0.235633,0.617816
112c125g_64-1000000-4-oltp_read_only-0.2,88c190g_64-1000000-4-oltp_read_write_50-1.0,820,0.22823,0.614115
112c125g_64-1000000-4-oltp_read_only-0.2,88c190g_64-1000000-4-oltp_read_write_80-0.2,820,0.279685,0.639843
112c125g_64-1000000-4-oltp_read_only-0.2,88c190g_64-1000000-4-oltp_read_write_80-0.6,820,0.268456,0.634228
112c125g_64-1000000-4-oltp_read_only-0.2,88c190g_64-1000000-4-oltp_read_write_80-1.0,820,0.236665,0.618332
112c125g_64-1000000-4-oltp_read_only-0.2,88c190g_64-1000000-4-oltp_read_write_95-0.2,820,0.304629,0.652314
112c125g_64-1000000-4-oltp_read_only-0.2,88c190g_64-1000000-4-oltp_read_write_95-0.6,820,0.315219,0.65761
112c125g_64-1000000-4-oltp_read_only-0.2,88c190g_64-1000000-4-oltp_read_write_95-1.0,820,0.276956,0.638478
112c125g_64-1000000-4-oltp_read_only-0.2,88c190g_64-1000000-4-oltp_write_only-0.2,820,0.210603,0.605301
112c125g_64-1000000-4-oltp_read_only-0.2,88c190g_64-1000000-4-oltp_write_only-0.6,820,0.196417,0.598209
112c125g_64-1000000-4-oltp_read_only-0.2,88c190g_64-1000000-4-oltp_write_only-1.0,820,0.117096,0.558548
112c125g_64-1000000-4-oltp_read_only-0.2,8c12g_10-4-4-tpcc-nan,495,0.0527,0.52635
112c125g_64-1000000-4-oltp_read_only-0.2,8c12g_100-4-4-tpcc-nan,495,0.042419,0.52121
112c125g_64-1000000-4-oltp_read_only-0.2,8c12g_50-4-4-tpcc-nan,495,0.015058,0.507529
112c125g_64-1000000-4-oltp_read_only-0.2,8c12g_64-100000-4-oltp_read_only-0.2,495,0.02278,0.51139
112c125g_64-1000000-4-oltp_read_only-0.2,8c12g_64-100000-4-oltp_read_only-0.6,495,0.056561,0.52828
112c125g_64-1000000-4-oltp_read_only-0.2,8c12g_64-100000-4-oltp_read_only-1.0,495,0.057724,0.528862
112c125g_64-1000000-4-oltp_read_only-0.2,8c12g_64-100000-4-oltp_read_write_20-0.2,495,0.017022,0.508511
112c125g_64-1000000-4-oltp_read_only-0.2,8c12g_64-100000-4-oltp_read_write_20-0.6,495,0.024767,0.512383
112c125g_64-1000000-4-oltp_read_only-0.2,8c12g_64-100000-4-oltp_read_write_20-1.0,495,0.100321,0.55016
112c125g_64-1000000-4-oltp_read_only-0.2,8c12g_64-100000-4-oltp_read_write_5-0.2,495,0.068182,0.534091
112c125g_64-1000000-4-oltp_read_only-0.2,8c12g_64-100000-4-oltp_read_write_5-0.6,495,0.130044,0.565022
112c125g_64-1000000-4-oltp_read_only-0.2,8c12g_64-100000-4-oltp_read_write_5-1.0,495,0.134212,0.567106
112c125g_64-1000000-4-oltp_read_only-0.2,8c12g_64-100000-4-oltp_read_write_50-0.2,495,0.007361,0.503681
112c125g_64-1000000-4-oltp_read_only-0.2,8c12g_64-100000-4-oltp_read_write_50-0.6,495,0.011966,0.505983
112c125g_64-1000000-4-oltp_read_only-0.2,8c12g_64-100000-4-oltp_read_write_50-1.0,495,0.075013,0.537507
112c125g_64-1000000-4-oltp_read_only-0.2,8c12g_64-100000-4-oltp_read_write_80-0.2,495,0.02745,0.513725
112c125g_64-1000000-4-oltp_read_only-0.2,8c12g_64-100000-4-oltp_read_write_80-0.6,495,0.033748,0.516874
112c125g_64-1000000-4-oltp_read_only-0.2,8c12g_64-100000-4-oltp_read_write_80-1.0,495,0.120835,0.560417
112c125g_64-1000000-4-oltp_read_only-0.2,8c12g_64-100000-4-oltp_read_write_95-0.2,495,0.013881,0.506941
112c125g_64-1000000-4-oltp_read_only-0.2,8c12g_64-100000-4-oltp_read_write_95-0.6,495,0.037217,0.518609
112c125g_64-1000000-4-oltp_read_only-0.2,8c12g_64-100000-4-oltp_read_write_95-1.0,495,0.084349,0.542175
112c125g_64-1000000-4-oltp_read_only-0.2,8c12g_64-100000-4-oltp_write_only-0.2,495,0.059258,0.529629
112c125g_64-1000000-4-oltp_read_only-0.2,8c12g_64-100000-4-oltp_write_only-0.6,495,0.076722,0.538361
112c125g_64-1000000-4-oltp_read_only-0.2,8c12g_64-100000-4-oltp_write_only-1.0,495,0.15679,0.578395
112c125g_64-1000000-4-oltp_read_only-0.2,8c12g_64-1000000-4-oltp_read_only-0.2,495,0.080964,0.540482
112c125g_64-1000000-4-oltp_read_only-0.2,8c12g_64-1000000-4-oltp_read_only-0.6,495,0.108993,0.554497
112c125g_64-1000000-4-oltp_read_only-0.2,8c12g_64-1000000-4-oltp_read_only-1.0,495,0.104449,0.552225
112c125g_64-1000000-4-oltp_read_only-0.2,8c12g_64-1000000-4-oltp_read_write_20-0.2,495,0.066091,0.533046
112c125g_64-1000000-4-oltp_read_only-0.2,8c12g_64-1000000-4-oltp_read_write_20-0.6,495,0.066088,0.533044
112c125g_64-1000000-4-oltp_read_only-0.2,8c12g_64-1000000-4-oltp_read_write_20-1.0,495,0.096483,0.548242
112c125g_64-1000000-4-oltp_read_only-0.2,8c12g_64-1000000-4-oltp_read_write_5-0.2,495,0.076655,0.538328
112c125g_64-1000000-4-oltp_read_only-0.2,8c12g_64-1000000-4-oltp_read_write_5-0.6,495,0.081534,0.540767
112c125g_64-1000000-4-oltp_read_only-0.2,8c12g_64-1000000-4-oltp_read_write_5-1.0,495,0.155432,0.577716
112c125g_64-1000000-4-oltp_read_only-0.2,8c12g_64-1000000-4-oltp_read_write_50-0.2,495,0.095119,0.54756
112c125g_64-1000000-4-oltp_read_only-0.2,8c12g_64-1000000-4-oltp_read_write_50-0.6,495,0.055644,0.527822
112c125g_64-1000000-4-oltp_read_only-0.2,8c12g_64-1000000-4-oltp_read_write_50-1.0,495,0.055849,0.527925
112c125g_64-1000000-4-oltp_read_only-0.2,8c12g_64-1000000-4-oltp_read_write_80-0.2,495,0.087954,0.543977
112c125g_64-1000000-4-oltp_read_only-0.2,8c12g_64-1000000-4-oltp_read_write_80-0.6,495,0.098028,0.549014
112c125g_64-1000000-4-oltp_read_only-0.2,8c12g_64-1000000-4-oltp_read_write_80-1.0,495,0.162498,0.581249
112c125g_64-1000000-4-oltp_read_only-0.2,8c12g_64-1000000-4-oltp_read_write_95-0.2,495,0.095172,0.547586
112c125g_64-1000000-4-oltp_read_only-0.2,8c12g_64-1000000-4-oltp_read_write_95-0.6,495,0.082204,0.541102
112c125g_64-1000000-4-oltp_read_only-0.2,8c12g_64-1000000-4-oltp_read_write_95-1.0,495,0.079248,0.539624
112c125g_64-1000000-4-oltp_read_only-0.2,8c12g_64-1000000-4-oltp_write_only-0.2,495,0.083042,0.541521
112c125g_64-1000000-4-oltp_read_only-0.2,8c12g_64-1000000-4-oltp_write_only-0.6,495,0.034949,0.517475
112c125g_64-1000000-4-oltp_read_only-0.2,8c12g_64-1000000-4-oltp_write_only-1.0,495,0.174329,0.587165
112c125g_64-1000000-4-oltp_read_write_50-0.2,12c16g_10-4-4-tpcc-nan,583,0.293454,0.646727
112c125g_64-1000000-4-oltp_read_write_50-0.2,12c16g_100-4-4-tpcc-nan,583,0.189667,0.594833
112c125g_64-1000000-4-oltp_read_write_50-0.2,12c16g_50-4-4-tpcc-nan,583,0.260147,0.630073
112c125g_64-1000000-4-oltp_read_write_50-0.2,12c16g_64-100000-4-oltp_read_only-0.2,583,0.096309,0.548155
112c125g_64-1000000-4-oltp_read_write_50-0.2,12c16g_64-100000-4-oltp_read_only-0.6,583,0.082488,0.541244
112c125g_64-1000000-4-oltp_read_write_50-0.2,12c16g_64-100000-4-oltp_read_only-1.0,583,0.090302,0.545151
112c125g_64-1000000-4-oltp_read_write_50-0.2,12c16g_64-100000-4-oltp_read_write_20-0.2,583,0.315123,0.657562
112c125g_64-1000000-4-oltp_read_write_50-0.2,12c16g_64-100000-4-oltp_read_write_20-0.6,583,0.310469,0.655235
112c125g_64-1000000-4-oltp_read_write_50-0.2,12c16g_64-100000-4-oltp_read_write_20-1.0,583,0.198689,0.599344
112c125g_64-1000000-4-oltp_read_write_50-0.2,12c16g_64-100000-4-oltp_read_write_5-0.2,583,0.360942,0.680471
112c125g_64-1000000-4-oltp_read_write_50-0.2,12c16g_64-100000-4-oltp_read_write_5-0.6,583,0.349552,0.674776
112c125g_64-1000000-4-oltp_read_write_50-0.2,12c16g_64-100000-4-oltp_read_write_5-1.0,583,0.348937,0.674469
112c125g_64-1000000-4-oltp_read_write_50-0.2,12c16g_64-100000-4-oltp_read_write_50-0.2,583,0.287972,0.643986
112c125g_64-1000000-4-oltp_read_write_50-0.2,12c16g_64-100000-4-oltp_read_write_50-0.6,583,0.258645,0.629323
112c125g_64-1000000-4-oltp_read_write_50-0.2,12c16g_64-100000-4-oltp_read_write_50-1.0,583,0.218274,0.609137
112c125g_64-1000000-4-oltp_read_write_50-0.2,12c16g_64-100000-4-oltp_read_write_80-0.2,583,0.239619,0.61981
112c125g_64-1000000-4-oltp_read_write_50-0.2,12c16g_64-100000-4-oltp_read_write_80-0.6,583,0.244522,0.622261
112c125g_64-1000000-4-oltp_read_write_50-0.2,12c16g_64-100000-4-oltp_read_write_80-1.0,583,0.260825,0.630413
112c125g_64-1000000-4-oltp_read_write_50-0.2,12c16g_64-100000-4-oltp_read_write_95-0.2,583,0.19134,0.59567
112c125g_64-1000000-4-oltp_read_write_50-0.2,12c16g_64-100000-4-oltp_read_write_95-0.6,583,0.203622,0.601811
112c125g_64-1000000-4-oltp_read_write_50-0.2,12c16g_64-100000-4-oltp_read_write_95-1.0,583,0.238857,0.619429
112c125g_64-1000000-4-oltp_read_write_50-0.2,12c16g_64-100000-4-oltp_write_only-0.2,583,0.214051,0.607026
112c125g_64-1000000-4-oltp_read_write_50-0.2,12c16g_64-100000-4-oltp_write_only-0.6,583,0.226035,0.613017
112c125g_64-1000000-4-oltp_read_write_50-0.2,12c16g_64-100000-4-oltp_write_only-1.0,583,0.27935,0.639675
112c125g_64-1000000-4-oltp_read_write_50-0.2,12c16g_64-1000000-4-oltp_read_only-0.2,583,0.082428,0.541214
112c125g_64-1000000-4-oltp_read_write_50-0.2,12c16g_64-1000000-4-oltp_read_only-0.6,583,0.047649,0.523825
112c125g_64-1000000-4-oltp_read_write_50-0.2,12c16g_64-1000000-4-oltp_read_only-1.0,583,0.05744,0.52872
112c125g_64-1000000-4-oltp_read_write_50-0.2,12c16g_64-1000000-4-oltp_read_write_20-0.2,583,0.338882,0.669441
112c125g_64-1000000-4-oltp_read_write_50-0.2,12c16g_64-1000000-4-oltp_read_write_20-0.6,583,0.404205,0.702103
112c125g_64-1000000-4-oltp_read_write_50-0.2,12c16g_64-1000000-4-oltp_read_write_20-1.0,583,0.443157,0.721578
112c125g_64-1000000-4-oltp_read_write_50-0.2,12c16g_64-1000000-4-oltp_read_write_5-0.2,583,0.483832,0.741916
112c125g_64-1000000-4-oltp_read_write_50-0.2,12c16g_64-1000000-4-oltp_read_write_5-0.6,583,0.499636,0.749818
112c125g_64-1000000-4-oltp_read_write_50-0.2,12c16g_64-1000000-4-oltp_read_write_5-1.0,583,0.433401,0.7167
112c125g_64-1000000-4-oltp_read_write_50-0.2,12c16g_64-1000000-4-oltp_read_write_50-0.2,583,0.259101,0.629551
112c125g_64-1000000-4-oltp_read_write_50-0.2,12c16g_64-1000000-4-oltp_read_write_50-0.6,583,0.25265,0.626325
112c125g_64-1000000-4-oltp_read_write_50-0.2,12c16g_64-1000000-4-oltp_read_write_50-1.0,583,0.313308,0.656654
112c125g_64-1000000-4-oltp_read_write_50-0.2,12c16g_64-1000000-4-oltp_read_write_80-0.2,583,0.150639,0.575319
112c125g_64-1000000-4-oltp_read_write_50-0.2,12c16g_64-1000000-4-oltp_read_write_80-0.6,583,0.167681,0.58384
112c125g_64-1000000-4-oltp_read_write_50-0.2,12c16g_64-1000000-4-oltp_read_write_80-1.0,583,0.249234,0.624617
112c125g_64-1000000-4-oltp_read_write_50-0.2,12c16g_64-1000000-4-oltp_read_write_95-0.2,583,0.14009,0.570045
112c125g_64-1000000-4-oltp_read_write_50-0.2,12c16g_64-1000000-4-oltp_read_write_95-0.6,583,0.132476,0.566238
112c125g_64-1000000-4-oltp_read_write_50-0.2,12c16g_64-1000000-4-oltp_read_write_95-1.0,583,0.172442,0.586221
112c125g_64-1000000-4-oltp_read_write_50-0.2,12c16g_64-1000000-4-oltp_write_only-0.2,583,0.315532,0.657766
112c125g_64-1000000-4-oltp_read_write_50-0.2,12c16g_64-1000000-4-oltp_write_only-0.6,583,0.316292,0.658146
112c125g_64-1000000-4-oltp_read_write_50-0.2,12c16g_64-1000000-4-oltp_write_only-1.0,583,0.264598,0.632299
112c125g_64-1000000-4-oltp_read_write_50-0.2,16c24g_10-4-4-tpcc-nan,644,0.265698,0.632849
112c125g_64-1000000-4-oltp_read_write_50-0.2,16c24g_100-4-4-tpcc-nan,644,0.148924,0.574462
112c125g_64-1000000-4-oltp_read_write_50-0.2,16c24g_50-4-4-tpcc-nan,644,0.183868,0.591934
112c125g_64-1000000-4-oltp_read_write_50-0.2,16c24g_64-100000-4-oltp_read_only-0.2,644,0.027982,0.513991
112c125g_64-1000000-4-oltp_read_write_50-0.2,16c24g_64-100000-4-oltp_read_only-0.6,644,0.046588,0.523294
112c125g_64-1000000-4-oltp_read_write_50-0.2,16c24g_64-100000-4-oltp_read_only-1.0,644,0.052568,0.526284
112c125g_64-1000000-4-oltp_read_write_50-0.2,16c24g_64-100000-4-oltp_read_write_20-0.2,644,0.256947,0.628473
112c125g_64-1000000-4-oltp_read_write_50-0.2,16c24g_64-100000-4-oltp_read_write_20-0.6,644,0.266941,0.633471
112c125g_64-1000000-4-oltp_read_write_50-0.2,16c24g_64-100000-4-oltp_read_write_20-1.0,644,0.168161,0.584081
112c125g_64-1000000-4-oltp_read_write_50-0.2,16c24g_64-100000-4-oltp_read_write_5-0.2,644,0.329398,0.664699
112c125g_64-1000000-4-oltp_read_write_50-0.2,16c24g_64-100000-4-oltp_read_write_5-0.6,644,0.350153,0.675076
112c125g_64-1000000-4-oltp_read_write_50-0.2,16c24g_64-100000-4-oltp_read_write_5-1.0,644,0.356006,0.678003
112c125g_64-1000000-4-oltp_read_write_50-0.2,16c24g_64-100000-4-oltp_read_write_50-0.2,644,0.229418,0.614709
112c125g_64-1000000-4-oltp_read_write_50-0.2,16c24g_64-100000-4-oltp_read_write_50-0.6,644,0.208939,0.604469
112c125g_64-1000000-4-oltp_read_write_50-0.2,16c24g_64-100000-4-oltp_read_write_50-1.0,644,0.198462,0.599231
112c125g_64-1000000-4-oltp_read_write_50-0.2,16c24g_64-100000-4-oltp_read_write_80-0.2,644,0.18104,0.59052
112c125g_64-1000000-4-oltp_read_write_50-0.2,16c24g_64-100000-4-oltp_read_write_80-0.6,644,0.208645,0.604323
112c125g_64-1000000-4-oltp_read_write_50-0.2,16c24g_64-100000-4-oltp_read_write_80-1.0,644,0.260048,0.630024
112c125g_64-1000000-4-oltp_read_write_50-0.2,16c24g_64-100000-4-oltp_read_write_95-0.2,644,0.142346,0.571173
112c125g_64-1000000-4-oltp_read_write_50-0.2,16c24g_64-100000-4-oltp_read_write_95-0.6,644,0.138739,0.56937
112c125g_64-1000000-4-oltp_read_write_50-0.2,16c24g_64-100000-4-oltp_read_write_95-1.0,644,0.189554,0.594777
112c125g_64-1000000-4-oltp_read_write_50-0.2,16c24g_64-100000-4-oltp_write_only-0.2,644,0.195971,0.597985
112c125g_64-1000000-4-oltp_read_write_50-0.2,16c24g_64-100000-4-oltp_write_only-0.6,644,0.222297,0.611149
112c125g_64-1000000-4-oltp_read_write_50-0.2,16c24g_64-100000-4-oltp_write_only-1.0,644,0.286312,0.643156
112c125g_64-1000000-4-oltp_read_write_50-0.2,16c24g_64-1000000-4-oltp_read_only-0.2,644,0.005623,0.502811
112c125g_64-1000000-4-oltp_read_write_50-0.2,16c24g_64-1000000-4-oltp_read_only-0.6,644,0.014114,0.507057
112c125g_64-1000000-4-oltp_read_write_50-0.2,16c24g_64-1000000-4-oltp_read_only-1.0,644,0.008105,0.504053
112c125g_64-1000000-4-oltp_read_write_50-0.2,16c24g_64-1000000-4-oltp_read_write_20-0.2,644,0.213975,0.606988
112c125g_64-1000000-4-oltp_read_write_50-0.2,16c24g_64-1000000-4-oltp_read_write_20-0.6,644,0.244103,0.622051
112c125g_64-1000000-4-oltp_read_write_50-0.2,16c24g_64-1000000-4-oltp_read_write_20-1.0,644,0.403723,0.701862
112c125g_64-1000000-4-oltp_read_write_50-0.2,16c24g_64-1000000-4-oltp_read_write_5-0.2,644,0.24802,0.62401
112c125g_64-1000000-4-oltp_read_write_50-0.2,16c24g_64-1000000-4-oltp_read_write_5-0.6,644,0.337663,0.668831
112c125g_64-1000000-4-oltp_read_write_50-0.2,16c24g_64-1000000-4-oltp_read_write_5-1.0,644,0.464034,0.732017
112c125g_64-1000000-4-oltp_read_write_50-0.2,16c24g_64-1000000-4-oltp_read_write_50-0.2,644,0.168241,0.584121
112c125g_64-1000000-4-oltp_read_write_50-0.2,16c24g_64-1000000-4-oltp_read_write_50-0.6,644,0.163826,0.581913
112c125g_64-1000000-4-oltp_read_write_50-0.2,16c24g_64-1000000-4-oltp_read_write_50-1.0,644,0.245704,0.622852
112c125g_64-1000000-4-oltp_read_write_50-0.2,16c24g_64-1000000-4-oltp_read_write_80-0.2,644,0.113088,0.556544
112c125g_64-1000000-4-oltp_read_write_50-0.2,16c24g_64-1000000-4-oltp_read_write_80-0.6,644,0.147538,0.573769
112c125g_64-1000000-4-oltp_read_write_50-0.2,16c24g_64-1000000-4-oltp_read_write_80-1.0,644,0.267529,0.633764
112c125g_64-1000000-4-oltp_read_write_50-0.2,16c24g_64-1000000-4-oltp_read_write_95-0.2,644,0.078126,0.539063
112c125g_64-1000000-4-oltp_read_write_50-0.2,16c24g_64-1000000-4-oltp_read_write_95-0.6,644,0.081196,0.540598
112c125g_64-1000000-4-oltp_read_write_50-0.2,16c24g_64-1000000-4-oltp_read_write_95-1.0,644,0.1385,0.56925
112c125g_64-1000000-4-oltp_read_write_50-0.2,16c24g_64-1000000-4-oltp_write_only-0.2,644,0.25044,0.62522
112c125g_64-1000000-4-oltp_read_write_50-0.2,16c24g_64-1000000-4-oltp_write_only-0.6,644,0.239193,0.619597
112c125g_64-1000000-4-oltp_read_write_50-0.2,16c24g_64-1000000-4-oltp_write_only-1.0,644,0.257652,0.628826
112c125g_64-1000000-4-oltp_read_write_50-0.2,24c32g_10-4-4-tpcc-nan,745,0.253465,0.626732
112c125g_64-1000000-4-oltp_read_write_50-0.2,24c32g_100-4-4-tpcc-nan,745,0.166532,0.583266
112c125g_64-1000000-4-oltp_read_write_50-0.2,24c32g_50-4-4-tpcc-nan,745,0.185008,0.592504
112c125g_64-1000000-4-oltp_read_write_50-0.2,24c32g_64-100000-4-oltp_read_only-0.2,745,0.022201,0.5111
112c125g_64-1000000-4-oltp_read_write_50-0.2,24c32g_64-100000-4-oltp_read_only-0.6,745,0.001501,0.500751
112c125g_64-1000000-4-oltp_read_write_50-0.2,24c32g_64-100000-4-oltp_read_only-1.0,745,0.025117,0.512559
112c125g_64-1000000-4-oltp_read_write_50-0.2,24c32g_64-100000-4-oltp_read_write_20-0.2,745,0.25595,0.627975
112c125g_64-1000000-4-oltp_read_write_50-0.2,24c32g_64-100000-4-oltp_read_write_20-0.6,745,0.275277,0.637638
112c125g_64-1000000-4-oltp_read_write_50-0.2,24c32g_64-100000-4-oltp_read_write_20-1.0,745,0.135463,0.567731
112c125g_64-1000000-4-oltp_read_write_50-0.2,24c32g_64-100000-4-oltp_read_write_5-0.2,745,0.342228,0.671114
112c125g_64-1000000-4-oltp_read_write_50-0.2,24c32g_64-100000-4-oltp_read_write_5-0.6,745,0.387227,0.693613
112c125g_64-1000000-4-oltp_read_write_50-0.2,24c32g_64-100000-4-oltp_read_write_5-1.0,745,0.394042,0.697021
112c125g_64-1000000-4-oltp_read_write_50-0.2,24c32g_64-100000-4-oltp_read_write_50-0.2,745,0.231633,0.615816
112c125g_64-1000000-4-oltp_read_write_50-0.2,24c32g_64-100000-4-oltp_read_write_50-0.6,745,0.196292,0.598146
112c125g_64-1000000-4-oltp_read_write_50-0.2,24c32g_64-100000-4-oltp_read_write_50-1.0,745,0.183365,0.591682
112c125g_64-1000000-4-oltp_read_write_50-0.2,24c32g_64-100000-4-oltp_read_write_80-0.2,745,0.183339,0.59167
112c125g_64-1000000-4-oltp_read_write_50-0.2,24c32g_64-100000-4-oltp_read_write_80-0.6,745,0.208726,0.604363
112c125g_64-1000000-4-oltp_read_write_50-0.2,24c32g_64-100000-4-oltp_read_write_80-1.0,745,0.286537,0.643269
112c125g_64-1000000-4-oltp_read_write_50-0.2,24c32g_64-100000-4-oltp_read_write_95-0.2,745,0.139695,0.569847
112c125g_64-1000000-4-oltp_read_write_50-0.2,24c32g_64-100000-4-oltp_read_write_95-0.6,745,0.13843,0.569215
112c125g_64-1000000-4-oltp_read_write_50-0.2,24c32g_64-100000-4-oltp_read_write_95-1.0,745,0.187866,0.593933
112c125g_64-1000000-4-oltp_read_write_50-0.2,24c32g_64-100000-4-oltp_write_only-0.2,745,0.202491,0.601245
112c125g_64-1000000-4-oltp_read_write_50-0.2,24c32g_64-100000-4-oltp_write_only-0.6,745,0.231229,0.615614
112c125g_64-1000000-4-oltp_read_write_50-0.2,24c32g_64-100000-4-oltp_write_only-1.0,745,0.315034,0.657517
112c125g_64-1000000-4-oltp_read_write_50-0.2,24c32g_64-1000000-4-oltp_read_only-0.2,745,-0.037776,0.481112
112c125g_64-1000000-4-oltp_read_write_50-0.2,24c32g_64-1000000-4-oltp_read_only-0.6,745,-0.01363,0.493185
112c125g_64-1000000-4-oltp_read_write_50-0.2,24c32g_64-1000000-4-oltp_read_only-1.0,745,0.002714,0.501357
112c125g_64-1000000-4-oltp_read_write_50-0.2,24c32g_64-1000000-4-oltp_read_write_20-0.2,745,0.269225,0.634612
112c125g_64-1000000-4-oltp_read_write_50-0.2,24c32g_64-1000000-4-oltp_read_write_20-0.6,745,0.310795,0.655398
112c125g_64-1000000-4-oltp_read_write_50-0.2,24c32g_64-1000000-4-oltp_read_write_20-1.0,745,0.455246,0.727623
112c125g_64-1000000-4-oltp_read_write_50-0.2,24c32g_64-1000000-4-oltp_read_write_5-0.2,745,0.371167,0.685583
112c125g_64-1000000-4-oltp_read_write_50-0.2,24c32g_64-1000000-4-oltp_read_write_5-0.6,745,0.454676,0.727338
112c125g_64-1000000-4-oltp_read_write_50-0.2,24c32g_64-1000000-4-oltp_read_write_5-1.0,745,0.496687,0.748343
112c125g_64-1000000-4-oltp_read_write_50-0.2,24c32g_64-1000000-4-oltp_read_write_50-0.2,745,0.189276,0.594638
112c125g_64-1000000-4-oltp_read_write_50-0.2,24c32g_64-1000000-4-oltp_read_write_50-0.6,745,0.174022,0.587011
112c125g_64-1000000-4-oltp_read_write_50-0.2,24c32g_64-1000000-4-oltp_read_write_50-1.0,745,0.237545,0.618773
112c125g_64-1000000-4-oltp_read_write_50-0.2,24c32g_64-1000000-4-oltp_read_write_80-0.2,745,0.124545,0.562272
112c125g_64-1000000-4-oltp_read_write_50-0.2,24c32g_64-1000000-4-oltp_read_write_80-0.6,745,0.14175,0.570875
112c125g_64-1000000-4-oltp_read_write_50-0.2,24c32g_64-1000000-4-oltp_read_write_80-1.0,745,0.253931,0.626965
112c125g_64-1000000-4-oltp_read_write_50-0.2,24c32g_64-1000000-4-oltp_read_write_95-0.2,745,0.080007,0.540004
112c125g_64-1000000-4-oltp_read_write_50-0.2,24c32g_64-1000000-4-oltp_read_write_95-0.6,745,0.076467,0.538234
112c125g_64-1000000-4-oltp_read_write_50-0.2,24c32g_64-1000000-4-oltp_read_write_95-1.0,745,0.13455,0.567275
112c125g_64-1000000-4-oltp_read_write_50-0.2,24c32g_64-1000000-4-oltp_write_only-0.2,745,0.273603,0.636801
112c125g_64-1000000-4-oltp_read_write_50-0.2,24c32g_64-1000000-4-oltp_write_only-0.6,745,0.218264,0.609132
112c125g_64-1000000-4-oltp_read_write_50-0.2,24c32g_64-1000000-4-oltp_write_only-1.0,745,0.236431,0.618216
112c125g_64-1000000-4-oltp_read_write_50-0.2,32c64g_10-4-4-tpcc-nan,816,0.272228,0.636114
112c125g_64-1000000-4-oltp_read_write_50-0.2,32c64g_100-4-4-tpcc-nan,816,0.187813,0.593906
112c125g_64-1000000-4-oltp_read_write_50-0.2,32c64g_50-4-4-tpcc-nan,816,0.210954,0.605477
112c125g_64-1000000-4-oltp_read_write_50-0.2,32c64g_64-100000-4-oltp_read_only-0.2,816,0.019442,0.509721
112c125g_64-1000000-4-oltp_read_write_50-0.2,32c64g_64-100000-4-oltp_read_only-0.6,816,0.034465,0.517232
112c125g_64-1000000-4-oltp_read_write_50-0.2,32c64g_64-100000-4-oltp_read_only-1.0,816,0.036365,0.518182
112c125g_64-1000000-4-oltp_read_write_50-0.2,32c64g_64-100000-4-oltp_read_write_20-0.2,816,0.277128,0.638564
112c125g_64-1000000-4-oltp_read_write_50-0.2,32c64g_64-100000-4-oltp_read_write_20-0.6,816,0.286943,0.643472
112c125g_64-1000000-4-oltp_read_write_50-0.2,32c64g_64-100000-4-oltp_read_write_20-1.0,816,0.086914,0.543457
112c125g_64-1000000-4-oltp_read_write_50-0.2,32c64g_64-100000-4-oltp_read_write_5-0.2,816,0.3691,0.68455
112c125g_64-1000000-4-oltp_read_write_50-0.2,32c64g_64-100000-4-oltp_read_write_5-0.6,816,0.423202,0.711601
112c125g_64-1000000-4-oltp_read_write_50-0.2,32c64g_64-100000-4-oltp_read_write_5-1.0,816,0.424588,0.712294
112c125g_64-1000000-4-oltp_read_write_50-0.2,32c64g_64-100000-4-oltp_read_write_50-0.2,816,0.231246,0.615623
112c125g_64-1000000-4-oltp_read_write_50-0.2,32c64g_64-100000-4-oltp_read_write_50-0.6,816,0.189803,0.594902
112c125g_64-1000000-4-oltp_read_write_50-0.2,32c64g_64-100000-4-oltp_read_write_50-1.0,816,0.168057,0.584028
112c125g_64-1000000-4-oltp_read_write_50-0.2,32c64g_64-100000-4-oltp_read_write_80-0.2,816,0.174452,0.587226
112c125g_64-1000000-4-oltp_read_write_50-0.2,32c64g_64-100000-4-oltp_read_write_80-0.6,816,0.198553,0.599277
112c125g_64-1000000-4-oltp_read_write_50-0.2,32c64g_64-100000-4-oltp_read_write_80-1.0,816,0.232564,0.616282
112c125g_64-1000000-4-oltp_read_write_50-0.2,32c64g_64-100000-4-oltp_read_write_95-0.2,816,0.150075,0.575037
112c125g_64-1000000-4-oltp_read_write_50-0.2,32c64g_64-100000-4-oltp_read_write_95-0.6,816,0.14481,0.572405
112c125g_64-1000000-4-oltp_read_write_50-0.2,32c64g_64-100000-4-oltp_read_write_95-1.0,816,0.165303,0.582651
112c125g_64-1000000-4-oltp_read_write_50-0.2,32c64g_64-100000-4-oltp_write_only-0.2,816,0.146315,0.573157
112c125g_64-1000000-4-oltp_read_write_50-0.2,32c64g_64-100000-4-oltp_write_only-0.6,816,0.171263,0.585632
112c125g_64-1000000-4-oltp_read_write_50-0.2,32c64g_64-100000-4-oltp_write_only-1.0,816,0.289903,0.644952
112c125g_64-1000000-4-oltp_read_write_50-0.2,32c64g_64-1000000-4-oltp_read_only-0.2,816,-0.007869,0.496066
112c125g_64-1000000-4-oltp_read_write_50-0.2,32c64g_64-1000000-4-oltp_read_only-0.6,816,-0.012942,0.493529
112c125g_64-1000000-4-oltp_read_write_50-0.2,32c64g_64-1000000-4-oltp_read_only-1.0,816,-0.012022,0.493989
112c125g_64-1000000-4-oltp_read_write_50-0.2,32c64g_64-1000000-4-oltp_read_write_20-0.2,816,0.298946,0.649473
112c125g_64-1000000-4-oltp_read_write_50-0.2,32c64g_64-1000000-4-oltp_read_write_20-0.6,816,0.344527,0.672264
112c125g_64-1000000-4-oltp_read_write_50-0.2,32c64g_64-1000000-4-oltp_read_write_20-1.0,816,0.479168,0.739584
112c125g_64-1000000-4-oltp_read_write_50-0.2,32c64g_64-1000000-4-oltp_read_write_5-0.2,816,0.396845,0.698422
112c125g_64-1000000-4-oltp_read_write_50-0.2,32c64g_64-1000000-4-oltp_read_write_5-0.6,816,0.489216,0.744608
112c125g_64-1000000-4-oltp_read_write_50-0.2,32c64g_64-1000000-4-oltp_read_write_5-1.0,816,0.530054,0.765027
112c125g_64-1000000-4-oltp_read_write_50-0.2,32c64g_64-1000000-4-oltp_read_write_50-0.2,816,0.20598,0.60299
112c125g_64-1000000-4-oltp_read_write_50-0.2,32c64g_64-1000000-4-oltp_read_write_50-0.6,816,0.194118,0.597059
112c125g_64-1000000-4-oltp_read_write_50-0.2,32c64g_64-1000000-4-oltp_read_write_50-1.0,816,0.256267,0.628133
112c125g_64-1000000-4-oltp_read_write_50-0.2,32c64g_64-1000000-4-oltp_read_write_80-0.2,816,0.143978,0.571989
112c125g_64-1000000-4-oltp_read_write_50-0.2,32c64g_64-1000000-4-oltp_read_write_80-0.6,816,0.16459,0.582295
112c125g_64-1000000-4-oltp_read_write_50-0.2,32c64g_64-1000000-4-oltp_read_write_80-1.0,816,0.261308,0.630654
112c125g_64-1000000-4-oltp_read_write_50-0.2,32c64g_64-1000000-4-oltp_read_write_95-0.2,816,0.083649,0.541824
112c125g_64-1000000-4-oltp_read_write_50-0.2,32c64g_64-1000000-4-oltp_read_write_95-0.6,816,0.112885,0.556443
112c125g_64-1000000-4-oltp_read_write_50-0.2,32c64g_64-1000000-4-oltp_read_write_95-1.0,816,0.122432,0.561216
112c125g_64-1000000-4-oltp_read_write_50-0.2,32c64g_64-1000000-4-oltp_write_only-0.2,816,0.300053,0.650027
112c125g_64-1000000-4-oltp_read_write_50-0.2,32c64g_64-1000000-4-oltp_write_only-0.6,816,0.246206,0.623103
112c125g_64-1000000-4-oltp_read_write_50-0.2,32c64g_64-1000000-4-oltp_write_only-1.0,816,0.214232,0.607116
112c125g_64-1000000-4-oltp_read_write_50-0.2,4c6g_10-4-4-tpcc-nan,358,0.54866,0.77433
112c125g_64-1000000-4-oltp_read_write_50-0.2,4c6g_100-4-4-tpcc-nan,358,0.442699,0.721349
112c125g_64-1000000-4-oltp_read_write_50-0.2,4c6g_50-4-4-tpcc-nan,358,0.493943,0.746972
112c125g_64-1000000-4-oltp_read_write_50-0.2,4c6g_64-100000-4-oltp_read_only-0.2,358,0.286933,0.643466
112c125g_64-1000000-4-oltp_read_write_50-0.2,4c6g_64-100000-4-oltp_read_only-0.6,358,0.245759,0.622879
112c125g_64-1000000-4-oltp_read_write_50-0.2,4c6g_64-100000-4-oltp_read_only-1.0,358,0.274958,0.637479
112c125g_64-1000000-4-oltp_read_write_50-0.2,4c6g_64-100000-4-oltp_read_write_20-0.2,358,0.496361,0.748181
112c125g_64-1000000-4-oltp_read_write_50-0.2,4c6g_64-100000-4-oltp_read_write_20-0.6,358,0.490852,0.745426
112c125g_64-1000000-4-oltp_read_write_50-0.2,4c6g_64-100000-4-oltp_read_write_20-1.0,358,0.31678,0.65839
112c125g_64-1000000-4-oltp_read_write_50-0.2,4c6g_64-100000-4-oltp_read_write_5-0.2,358,0.501973,0.750986
112c125g_64-1000000-4-oltp_read_write_50-0.2,4c6g_64-100000-4-oltp_read_write_5-0.6,358,0.379948,0.689974
112c125g_64-1000000-4-oltp_read_write_50-0.2,4c6g_64-100000-4-oltp_read_write_5-1.0,358,0.330351,0.665176
112c125g_64-1000000-4-oltp_read_write_50-0.2,4c6g_64-100000-4-oltp_read_write_50-0.2,358,0.507372,0.753686
112c125g_64-1000000-4-oltp_read_write_50-0.2,4c6g_64-100000-4-oltp_read_write_50-0.6,358,0.496737,0.748368
112c125g_64-1000000-4-oltp_read_write_50-0.2,4c6g_64-100000-4-oltp_read_write_50-1.0,358,0.323904,0.661952
112c125g_64-1000000-4-oltp_read_write_50-0.2,4c6g_64-100000-4-oltp_read_write_80-0.2,358,0.431517,0.715759
112c125g_64-1000000-4-oltp_read_write_50-0.2,4c6g_64-100000-4-oltp_read_write_80-0.6,358,0.447587,0.723793
112c125g_64-1000000-4-oltp_read_write_50-0.2,4c6g_64-100000-4-oltp_read_write_80-1.0,358,0.331888,0.665944
112c125g_64-1000000-4-oltp_read_write_50-0.2,4c6g_64-100000-4-oltp_read_write_95-0.2,358,0.393342,0.696671
112c125g_64-1000000-4-oltp_read_write_50-0.2,4c6g_64-100000-4-oltp_read_write_95-0.6,358,0.408668,0.704334
112c125g_64-1000000-4-oltp_read_write_50-0.2,4c6g_64-100000-4-oltp_read_write_95-1.0,358,0.404279,0.702139
112c125g_64-1000000-4-oltp_read_write_50-0.2,4c6g_64-100000-4-oltp_write_only-0.2,358,0.347282,0.673641
112c125g_64-1000000-4-oltp_read_write_50-0.2,4c6g_64-100000-4-oltp_write_only-0.6,358,0.288797,0.644399
112c125g_64-1000000-4-oltp_read_write_50-0.2,4c6g_64-100000-4-oltp_write_only-1.0,358,0.245295,0.622648
112c125g_64-1000000-4-oltp_read_write_50-0.2,4c6g_64-1000000-4-oltp_read_only-0.2,358,0.281879,0.64094
112c125g_64-1000000-4-oltp_read_write_50-0.2,4c6g_64-1000000-4-oltp_read_only-0.6,358,0.302615,0.651308
112c125g_64-1000000-4-oltp_read_write_50-0.2,4c6g_64-1000000-4-oltp_read_only-1.0,358,0.274748,0.637374
112c125g_64-1000000-4-oltp_read_write_50-0.2,4c6g_64-1000000-4-oltp_read_write_20-0.2,358,0.512428,0.756214
112c125g_64-1000000-4-oltp_read_write_50-0.2,4c6g_64-1000000-4-oltp_read_write_20-0.6,358,0.544619,0.77231
112c125g_64-1000000-4-oltp_read_write_50-0.2,4c6g_64-1000000-4-oltp_read_write_20-1.0,358,0.577704,0.788852
112c125g_64-1000000-4-oltp_read_write_50-0.2,4c6g_64-1000000-4-oltp_read_write_5-0.2,358,0.520337,0.760168
112c125g_64-1000000-4-oltp_read_write_50-0.2,4c6g_64-1000000-4-oltp_read_write_5-0.6,358,0.524866,0.762433
112c125g_64-1000000-4-oltp_read_write_50-0.2,4c6g_64-1000000-4-oltp_read_write_5-1.0,358,0.418798,0.709399
112c125g_64-1000000-4-oltp_read_write_50-0.2,4c6g_64-1000000-4-oltp_read_write_50-0.2,358,0.381809,0.690904
112c125g_64-1000000-4-oltp_read_write_50-0.2,4c6g_64-1000000-4-oltp_read_write_50-0.6,358,0.500423,0.750211
112c125g_64-1000000-4-oltp_read_write_50-0.2,4c6g_64-1000000-4-oltp_read_write_50-1.0,358,0.569318,0.784659
112c125g_64-1000000-4-oltp_read_write_50-0.2,4c6g_64-1000000-4-oltp_read_write_80-0.2,358,0.42266,0.71133
112c125g_64-1000000-4-oltp_read_write_50-0.2,4c6g_64-1000000-4-oltp_read_write_80-0.6,358,0.441622,0.720811
112c125g_64-1000000-4-oltp_read_write_50-0.2,4c6g_64-1000000-4-oltp_read_write_80-1.0,358,0.436645,0.718323
112c125g_64-1000000-4-oltp_read_write_50-0.2,4c6g_64-1000000-4-oltp_read_write_95-0.2,358,0.366929,0.683465
112c125g_64-1000000-4-oltp_read_write_50-0.2,4c6g_64-1000000-4-oltp_read_write_95-0.6,358,0.385772,0.692886
112c125g_64-1000000-4-oltp_read_write_50-0.2,4c6g_64-1000000-4-oltp_read_write_95-1.0,358,0.441057,0.720528
112c125g_64-1000000-4-oltp_read_write_50-0.2,4c6g_64-1000000-4-oltp_write_only-0.2,358,0.448362,0.724181
112c125g_64-1000000-4-oltp_read_write_50-0.2,4c6g_64-1000000-4-oltp_write_only-0.6,358,0.505728,0.752864
112c125g_64-1000000-4-oltp_read_write_50-0.2,4c6g_64-1000000-4-oltp_write_only-1.0,358,0.347095,0.673547
112c125g_64-1000000-4-oltp_read_write_50-0.2,88c190g_10-4-4-tpcc-nan,819,0.108253,0.554127
112c125g_64-1000000-4-oltp_read_write_50-0.2,88c190g_100-4-4-tpcc-nan,819,0.106613,0.553307
112c125g_64-1000000-4-oltp_read_write_50-0.2,88c190g_64-1000000-4-oltp_read_only-0.2,819,0.005058,0.502529
112c125g_64-1000000-4-oltp_read_write_50-0.2,88c190g_64-1000000-4-oltp_read_only-0.6,819,-0.013941,0.49303
112c125g_64-1000000-4-oltp_read_write_50-0.2,88c190g_64-1000000-4-oltp_read_only-1.0,819,-0.01303,0.493485
112c125g_64-1000000-4-oltp_read_write_50-0.2,88c190g_64-1000000-4-oltp_read_write_20-0.2,819,0.193817,0.596909
112c125g_64-1000000-4-oltp_read_write_50-0.2,88c190g_64-1000000-4-oltp_read_write_20-0.6,819,0.198189,0.599094
112c125g_64-1000000-4-oltp_read_write_50-0.2,88c190g_64-1000000-4-oltp_read_write_20-1.0,819,0.19626,0.59813
112c125g_64-1000000-4-oltp_read_write_50-0.2,88c190g_64-1000000-4-oltp_read_write_5-0.2,819,0.22526,0.61263
112c125g_64-1000000-4-oltp_read_write_50-0.2,88c190g_64-1000000-4-oltp_read_write_5-0.6,819,0.264198,0.632099
112c125g_64-1000000-4-oltp_read_write_50-0.2,88c190g_64-1000000-4-oltp_read_write_5-1.0,819,0.297303,0.648651
112c125g_64-1000000-4-oltp_read_write_50-0.2,88c190g_64-1000000-4-oltp_read_write_50-0.2,819,0.133922,0.566961
112c125g_64-1000000-4-oltp_read_write_50-0.2,88c190g_64-1000000-4-oltp_read_write_50-0.6,819,0.152296,0.576148
112c125g_64-1000000-4-oltp_read_write_50-0.2,88c190g_64-1000000-4-oltp_read_write_50-1.0,819,0.163344,0.581672
112c125g_64-1000000-4-oltp_read_write_50-0.2,88c190g_64-1000000-4-oltp_read_write_80-0.2,819,0.160265,0.580133
112c125g_64-1000000-4-oltp_read_write_50-0.2,88c190g_64-1000000-4-oltp_read_write_80-0.6,819,0.148501,0.574251
112c125g_64-1000000-4-oltp_read_write_50-0.2,88c190g_64-1000000-4-oltp_read_write_80-1.0,819,0.182469,0.591235
112c125g_64-1000000-4-oltp_read_write_50-0.2,88c190g_64-1000000-4-oltp_read_write_95-0.2,819,0.146327,0.573163
112c125g_64-1000000-4-oltp_read_write_50-0.2,88c190g_64-1000000-4-oltp_read_write_95-0.6,819,0.115247,0.557623
112c125g_64-1000000-4-oltp_read_write_50-0.2,88c190g_64-1000000-4-oltp_read_write_95-1.0,819,0.120311,0.560155
112c125g_64-1000000-4-oltp_read_write_50-0.2,88c190g_64-1000000-4-oltp_write_only-0.2,819,0.2401,0.62005
112c125g_64-1000000-4-oltp_read_write_50-0.2,88c190g_64-1000000-4-oltp_write_only-0.6,819,0.181294,0.590647
112c125g_64-1000000-4-oltp_read_write_50-0.2,88c190g_64-1000000-4-oltp_write_only-1.0,819,0.196243,0.598121
112c125g_64-1000000-4-oltp_read_write_50-0.2,8c12g_10-4-4-tpcc-nan,494,0.352554,0.676277
112c125g_64-1000000-4-oltp_read_write_50-0.2,8c12g_100-4-4-tpcc-nan,494,0.215888,0.607944
112c125g_64-1000000-4-oltp_read_write_50-0.2,8c12g_50-4-4-tpcc-nan,494,0.271887,0.635944
112c125g_64-1000000-4-oltp_read_write_50-0.2,8c12g_64-100000-4-oltp_read_only-0.2,494,0.115092,0.557546
112c125g_64-1000000-4-oltp_read_write_50-0.2,8c12g_64-100000-4-oltp_read_only-0.6,494,0.110357,0.555179
112c125g_64-1000000-4-oltp_read_write_50-0.2,8c12g_64-100000-4-oltp_read_only-1.0,494,0.137529,0.568765
112c125g_64-1000000-4-oltp_read_write_50-0.2,8c12g_64-100000-4-oltp_read_write_20-0.2,494,0.320255,0.660128
112c125g_64-1000000-4-oltp_read_write_50-0.2,8c12g_64-100000-4-oltp_read_write_20-0.6,494,0.313925,0.656963
112c125g_64-1000000-4-oltp_read_write_50-0.2,8c12g_64-100000-4-oltp_read_write_20-1.0,494,0.251177,0.625588
112c125g_64-1000000-4-oltp_read_write_50-0.2,8c12g_64-100000-4-oltp_read_write_5-0.2,494,0.363669,0.681834
112c125g_64-1000000-4-oltp_read_write_50-0.2,8c12g_64-100000-4-oltp_read_write_5-0.6,494,0.329121,0.66456
112c125g_64-1000000-4-oltp_read_write_50-0.2,8c12g_64-100000-4-oltp_read_write_5-1.0,494,0.329718,0.664859
112c125g_64-1000000-4-oltp_read_write_50-0.2,8c12g_64-100000-4-oltp_read_write_50-0.2,494,0.311053,0.655527
112c125g_64-1000000-4-oltp_read_write_50-0.2,8c12g_64-100000-4-oltp_read_write_50-0.6,494,0.294046,0.647023
112c125g_64-1000000-4-oltp_read_write_50-0.2,8c12g_64-100000-4-oltp_read_write_50-1.0,494,0.23958,0.61979
112c125g_64-1000000-4-oltp_read_write_50-0.2,8c12g_64-100000-4-oltp_read_write_80-0.2,494,0.265657,0.632829
112c125g_64-1000000-4-oltp_read_write_50-0.2,8c12g_64-100000-4-oltp_read_write_80-0.6,494,0.292032,0.646016
112c125g_64-1000000-4-oltp_read_write_50-0.2,8c12g_64-100000-4-oltp_read_write_80-1.0,494,0.272399,0.636199
112c125g_64-1000000-4-oltp_read_write_50-0.2,8c12g_64-100000-4-oltp_read_write_95-0.2,494,0.204849,0.602425
112c125g_64-1000000-4-oltp_read_write_50-0.2,8c12g_64-100000-4-oltp_read_write_95-0.6,494,0.231152,0.615576
112c125g_64-1000000-4-oltp_read_write_50-0.2,8c12g_64-100000-4-oltp_read_write_95-1.0,494,0.243112,0.621556
112c125g_64-1000000-4-oltp_read_write_50-0.2,8c12g_64-100000-4-oltp_write_only-0.2,494,0.239441,0.61972
112c125g_64-1000000-4-oltp_read_write_50-0.2,8c12g_64-100000-4-oltp_write_only-0.6,494,0.240686,0.620343
112c125g_64-1000000-4-oltp_read_write_50-0.2,8c12g_64-100000-4-oltp_write_only-1.0,494,0.269177,0.634589
112c125g_64-1000000-4-oltp_read_write_50-0.2,8c12g_64-1000000-4-oltp_read_only-0.2,494,0.116663,0.558331
112c125g_64-1000000-4-oltp_read_write_50-0.2,8c12g_64-1000000-4-oltp_read_only-0.6,494,0.098352,0.549176
112c125g_64-1000000-4-oltp_read_write_50-0.2,8c12g_64-1000000-4-oltp_read_only-1.0,494,0.102709,0.551354
112c125g_64-1000000-4-oltp_read_write_50-0.2,8c12g_64-1000000-4-oltp_read_write_20-0.2,494,0.338035,0.669018
112c125g_64-1000000-4-oltp_read_write_50-0.2,8c12g_64-1000000-4-oltp_read_write_20-0.6,494,0.397022,0.698511
112c125g_64-1000000-4-oltp_read_write_50-0.2,8c12g_64-1000000-4-oltp_read_write_20-1.0,494,0.438517,0.719258
112c125g_64-1000000-4-oltp_read_write_50-0.2,8c12g_64-1000000-4-oltp_read_write_5-0.2,494,0.441499,0.720749
112c125g_64-1000000-4-oltp_read_write_50-0.2,8c12g_64-1000000-4-oltp_read_write_5-0.6,494,0.488583,0.744292
112c125g_64-1000000-4-oltp_read_write_50-0.2,8c12g_64-1000000-4-oltp_read_write_5-1.0,494,0.42415,0.712075
112c125g_64-1000000-4-oltp_read_write_50-0.2,8c12g_64-1000000-4-oltp_read_write_50-0.2,494,0.288531,0.644266
112c125g_64-1000000-4-oltp_read_write_50-0.2,8c12g_64-1000000-4-oltp_read_write_50-0.6,494,0.281266,0.640633
112c125g_64-1000000-4-oltp_read_write_50-0.2,8c12g_64-1000000-4-oltp_read_write_50-1.0,494,0.339722,0.669861
112c125g_64-1000000-4-oltp_read_write_50-0.2,8c12g_64-1000000-4-oltp_read_write_80-0.2,494,0.195478,0.597739
112c125g_64-1000000-4-oltp_read_write_50-0.2,8c12g_64-1000000-4-oltp_read_write_80-0.6,494,0.200218,0.600109
112c125g_64-1000000-4-oltp_read_write_50-0.2,8c12g_64-1000000-4-oltp_read_write_80-1.0,494,0.275548,0.637774
112c125g_64-1000000-4-oltp_read_write_50-0.2,8c12g_64-1000000-4-oltp_read_write_95-0.2,494,0.171895,0.585947
112c125g_64-1000000-4-oltp_read_write_50-0.2,8c12g_64-1000000-4-oltp_read_write_95-0.6,494,0.179768,0.589884
112c125g_64-1000000-4-oltp_read_write_50-0.2,8c12g_64-1000000-4-oltp_read_write_95-1.0,494,0.212871,0.606435
112c125g_64-1000000-4-oltp_read_write_50-0.2,8c12g_64-1000000-4-oltp_write_only-0.2,494,0.35044,0.67522
112c125g_64-1000000-4-oltp_read_write_50-0.2,8c12g_64-1000000-4-oltp_write_only-0.6,494,0.360147,0.680074
112c125g_64-1000000-4-oltp_read_write_50-0.2,8c12g_64-1000000-4-oltp_write_only-1.0,494,0.285213,0.642607
112c125g_64-1000000-4-oltp_write_only-0.2,12c16g_10-4-4-tpcc-nan,583,0.235867,0.617933
112c125g_64-1000000-4-oltp_write_only-0.2,12c16g_100-4-4-tpcc-nan,583,0.151663,0.575831
112c125g_64-1000000-4-oltp_write_only-0.2,12c16g_50-4-4-tpcc-nan,583,0.157076,0.578538
112c125g_64-1000000-4-oltp_write_only-0.2,12c16g_64-100000-4-oltp_read_only-0.2,583,0.108745,0.554372
112c125g_64-1000000-4-oltp_write_only-0.2,12c16g_64-100000-4-oltp_read_only-0.6,583,0.087461,0.543731
112c125g_64-1000000-4-oltp_write_only-0.2,12c16g_64-100000-4-oltp_read_only-1.0,583,0.085241,0.542621
112c125g_64-1000000-4-oltp_write_only-0.2,12c16g_64-100000-4-oltp_read_write_20-0.2,583,0.255139,0.627569
112c125g_64-1000000-4-oltp_write_only-0.2,12c16g_64-100000-4-oltp_read_write_20-0.6,583,0.249955,0.624978
112c125g_64-1000000-4-oltp_write_only-0.2,12c16g_64-100000-4-oltp_read_write_20-1.0,583,0.18845,0.594225
112c125g_64-1000000-4-oltp_write_only-0.2,12c16g_64-100000-4-oltp_read_write_5-0.2,583,0.237077,0.618539
112c125g_64-1000000-4-oltp_write_only-0.2,12c16g_64-100000-4-oltp_read_write_5-0.6,583,0.285158,0.642579
112c125g_64-1000000-4-oltp_write_only-0.2,12c16g_64-100000-4-oltp_read_write_5-1.0,583,0.2418,0.6209
112c125g_64-1000000-4-oltp_write_only-0.2,12c16g_64-100000-4-oltp_read_write_50-0.2,583,0.227071,0.613535
112c125g_64-1000000-4-oltp_write_only-0.2,12c16g_64-100000-4-oltp_read_write_50-0.6,583,0.199889,0.599945
112c125g_64-1000000-4-oltp_write_only-0.2,12c16g_64-100000-4-oltp_read_write_50-1.0,583,0.184148,0.592074
112c125g_64-1000000-4-oltp_write_only-0.2,12c16g_64-100000-4-oltp_read_write_80-0.2,583,0.192761,0.596381
112c125g_64-1000000-4-oltp_write_only-0.2,12c16g_64-100000-4-oltp_read_write_80-0.6,583,0.213757,0.606878
112c125g_64-1000000-4-oltp_write_only-0.2,12c16g_64-100000-4-oltp_read_write_80-1.0,583,0.203297,0.601648
112c125g_64-1000000-4-oltp_write_only-0.2,12c16g_64-100000-4-oltp_read_write_95-0.2,583,0.160727,0.580364
112c125g_64-1000000-4-oltp_write_only-0.2,12c16g_64-100000-4-oltp_read_write_95-0.6,583,0.173611,0.586805
112c125g_64-1000000-4-oltp_write_only-0.2,12c16g_64-100000-4-oltp_read_write_95-1.0,583,0.214963,0.607481
112c125g_64-1000000-4-oltp_write_only-0.2,12c16g_64-100000-4-oltp_write_only-0.2,583,0.214234,0.607117
112c125g_64-1000000-4-oltp_write_only-0.2,12c16g_64-100000-4-oltp_write_only-0.6,583,0.20219,0.601095
112c125g_64-1000000-4-oltp_write_only-0.2,12c16g_64-100000-4-oltp_write_only-1.0,583,0.158596,0.579298
112c125g_64-1000000-4-oltp_write_only-0.2,12c16g_64-1000000-4-oltp_read_only-0.2,583,0.115061,0.557531
112c125g_64-1000000-4-oltp_write_only-0.2,12c16g_64-1000000-4-oltp_read_only-0.6,583,0.093828,0.546914
112c125g_64-1000000-4-oltp_write_only-0.2,12c16g_64-1000000-4-oltp_read_only-1.0,583,0.059772,0.529886
112c125g_64-1000000-4-oltp_write_only-0.2,12c16g_64-1000000-4-oltp_read_write_20-0.2,583,0.232189,0.616094
112c125g_64-1000000-4-oltp_write_only-0.2,12c16g_64-1000000-4-oltp_read_write_20-0.6,583,0.260481,0.63024
112c125g_64-1000000-4-oltp_write_only-0.2,12c16g_64-1000000-4-oltp_read_write_20-1.0,583,0.30174,0.65087
112c125g_64-1000000-4-oltp_write_only-0.2,12c16g_64-1000000-4-oltp_read_write_5-0.2,583,0.243598,0.621799
112c125g_64-1000000-4-oltp_write_only-0.2,12c16g_64-1000000-4-oltp_read_write_5-0.6,583,0.274785,0.637392
112c125g_64-1000000-4-oltp_write_only-0.2,12c16g_64-1000000-4-oltp_read_write_5-1.0,583,0.295141,0.647571
112c125g_64-1000000-4-oltp_write_only-0.2,12c16g_64-1000000-4-oltp_read_write_50-0.2,583,0.240383,0.620192
112c125g_64-1000000-4-oltp_write_only-0.2,12c16g_64-1000000-4-oltp_read_write_50-0.6,583,0.198729,0.599365
112c125g_64-1000000-4-oltp_write_only-0.2,12c16g_64-1000000-4-oltp_read_write_50-1.0,583,0.208209,0.604105
112c125g_64-1000000-4-oltp_write_only-0.2,12c16g_64-1000000-4-oltp_read_write_80-0.2,583,0.124403,0.562201
112c125g_64-1000000-4-oltp_write_only-0.2,12c16g_64-1000000-4-oltp_read_write_80-0.6,583,0.162005,0.581002
112c125g_64-1000000-4-oltp_write_only-0.2,12c16g_64-1000000-4-oltp_read_write_80-1.0,583,0.264447,0.632224
112c125g_64-1000000-4-oltp_write_only-0.2,12c16g_64-1000000-4-oltp_read_write_95-0.2,583,0.120371,0.560186
112c125g_64-1000000-4-oltp_write_only-0.2,12c16g_64-1000000-4-oltp_read_write_95-0.6,583,0.132366,0.566183
112c125g_64-1000000-4-oltp_write_only-0.2,12c16g_64-1000000-4-oltp_read_write_95-1.0,583,0.150438,0.575219
112c125g_64-1000000-4-oltp_write_only-0.2,12c16g_64-1000000-4-oltp_write_only-0.2,583,0.34588,0.67294
112c125g_64-1000000-4-oltp_write_only-0.2,12c16g_64-1000000-4-oltp_write_only-0.6,583,0.229527,0.614763
112c125g_64-1000000-4-oltp_write_only-0.2,12c16g_64-1000000-4-oltp_write_only-1.0,583,0.259662,0.629831
112c125g_64-1000000-4-oltp_write_only-0.2,16c24g_10-4-4-tpcc-nan,644,0.188816,0.594408
112c125g_64-1000000-4-oltp_write_only-0.2,16c24g_100-4-4-tpcc-nan,644,0.122662,0.561331
112c125g_64-1000000-4-oltp_write_only-0.2,16c24g_50-4-4-tpcc-nan,644,0.149481,0.574741
112c125g_64-1000000-4-oltp_write_only-0.2,16c24g_64-100000-4-oltp_read_only-0.2,644,0.072148,0.536074
112c125g_64-1000000-4-oltp_write_only-0.2,16c24g_64-100000-4-oltp_read_only-0.6,644,0.075578,0.537789
112c125g_64-1000000-4-oltp_write_only-0.2,16c24g_64-100000-4-oltp_read_only-1.0,644,0.073259,0.53663
112c125g_64-1000000-4-oltp_write_only-0.2,16c24g_64-100000-4-oltp_read_write_20-0.2,644,0.258359,0.62918
112c125g_64-1000000-4-oltp_write_only-0.2,16c24g_64-100000-4-oltp_read_write_20-0.6,644,0.260461,0.63023
112c125g_64-1000000-4-oltp_write_only-0.2,16c24g_64-100000-4-oltp_read_write_20-1.0,644,0.189922,0.594961
112c125g_64-1000000-4-oltp_write_only-0.2,16c24g_64-100000-4-oltp_read_write_5-0.2,644,0.290657,0.645328
112c125g_64-1000000-4-oltp_write_only-0.2,16c24g_64-100000-4-oltp_read_write_5-0.6,644,0.337696,0.668848
112c125g_64-1000000-4-oltp_write_only-0.2,16c24g_64-100000-4-oltp_read_write_5-1.0,644,0.225244,0.612622
112c125g_64-1000000-4-oltp_write_only-0.2,16c24g_64-100000-4-oltp_read_write_50-0.2,644,0.22321,0.611605
112c125g_64-1000000-4-oltp_write_only-0.2,16c24g_64-100000-4-oltp_read_write_50-0.6,644,0.192269,0.596134
112c125g_64-1000000-4-oltp_write_only-0.2,16c24g_64-100000-4-oltp_read_write_50-1.0,644,0.181985,0.590993
112c125g_64-1000000-4-oltp_write_only-0.2,16c24g_64-100000-4-oltp_read_write_80-0.2,644,0.179383,0.589691
112c125g_64-1000000-4-oltp_write_only-0.2,16c24g_64-100000-4-oltp_read_write_80-0.6,644,0.211556,0.605778
112c125g_64-1000000-4-oltp_write_only-0.2,16c24g_64-100000-4-oltp_read_write_80-1.0,644,0.169143,0.584572
112c125g_64-1000000-4-oltp_write_only-0.2,16c24g_64-100000-4-oltp_read_write_95-0.2,644,0.160601,0.5803
112c125g_64-1000000-4-oltp_write_only-0.2,16c24g_64-100000-4-oltp_read_write_95-0.6,644,0.15824,0.57912
112c125g_64-1000000-4-oltp_write_only-0.2,16c24g_64-100000-4-oltp_read_write_95-1.0,644,0.212571,0.606285
112c125g_64-1000000-4-oltp_write_only-0.2,16c24g_64-100000-4-oltp_write_only-0.2,644,0.173447,0.586724
112c125g_64-1000000-4-oltp_write_only-0.2,16c24g_64-100000-4-oltp_write_only-0.6,644,0.170889,0.585444
112c125g_64-1000000-4-oltp_write_only-0.2,16c24g_64-100000-4-oltp_write_only-1.0,644,0.144763,0.572381
112c125g_64-1000000-4-oltp_write_only-0.2,16c24g_64-1000000-4-oltp_read_only-0.2,644,0.094031,0.547015
112c125g_64-1000000-4-oltp_write_only-0.2,16c24g_64-1000000-4-oltp_read_only-0.6,644,0.122467,0.561233
112c125g_64-1000000-4-oltp_write_only-0.2,16c24g_64-1000000-4-oltp_read_only-1.0,644,0.084074,0.542037
112c125g_64-1000000-4-oltp_write_only-0.2,16c24g_64-1000000-4-oltp_read_write_20-0.2,644,0.175558,0.587779
112c125g_64-1000000-4-oltp_write_only-0.2,16c24g_64-1000000-4-oltp_read_write_20-0.6,644,0.191079,0.59554
112c125g_64-1000000-4-oltp_write_only-0.2,16c24g_64-1000000-4-oltp_read_write_20-1.0,644,0.284558,0.642279
112c125g_64-1000000-4-oltp_write_only-0.2,16c24g_64-1000000-4-oltp_read_write_5-0.2,644,0.182178,0.591089
112c125g_64-1000000-4-oltp_write_only-0.2,16c24g_64-1000000-4-oltp_read_write_5-0.6,644,0.2126,0.6063
112c125g_64-1000000-4-oltp_write_only-0.2,16c24g_64-1000000-4-oltp_read_write_5-1.0,644,0.310129,0.655065
112c125g_64-1000000-4-oltp_write_only-0.2,16c24g_64-1000000-4-oltp_read_write_50-0.2,644,0.220597,0.610299
112c125g_64-1000000-4-oltp_write_only-0.2,16c24g_64-1000000-4-oltp_read_write_50-0.6,644,0.143302,0.571651
112c125g_64-1000000-4-oltp_write_only-0.2,16c24g_64-1000000-4-oltp_read_write_50-1.0,644,0.189474,0.594737
112c125g_64-1000000-4-oltp_write_only-0.2,16c24g_64-1000000-4-oltp_read_write_80-0.2,644,0.094807,0.547404
112c125g_64-1000000-4-oltp_write_only-0.2,16c24g_64-1000000-4-oltp_read_write_80-0.6,644,0.132,0.566
112c125g_64-1000000-4-oltp_write_only-0.2,16c24g_64-1000000-4-oltp_read_write_80-1.0,644,0.198942,0.599471
112c125g_64-1000000-4-oltp_write_only-0.2,16c24g_64-1000000-4-oltp_read_write_95-0.2,644,0.105766,0.552883
112c125g_64-1000000-4-oltp_write_only-0.2,16c24g_64-1000000-4-oltp_read_write_95-0.6,644,0.112128,0.556064
112c125g_64-1000000-4-oltp_write_only-0.2,16c24g_64-1000000-4-oltp_read_write_95-1.0,644,0.148862,0.574431
112c125g_64-1000000-4-oltp_write_only-0.2,16c24g_64-1000000-4-oltp_write_only-0.2,644,0.26672,0.63336
112c125g_64-1000000-4-oltp_write_only-0.2,16c24g_64-1000000-4-oltp_write_only-0.6,644,0.134221,0.56711
112c125g_64-1000000-4-oltp_write_only-0.2,16c24g_64-1000000-4-oltp_write_only-1.0,644,0.163273,0.581637
112c125g_64-1000000-4-oltp_write_only-0.2,24c32g_10-4-4-tpcc-nan,745,0.202424,0.601212
112c125g_64-1000000-4-oltp_write_only-0.2,24c32g_100-4-4-tpcc-nan,745,0.145746,0.572873
112c125g_64-1000000-4-oltp_write_only-0.2,24c32g_50-4-4-tpcc-nan,745,0.152479,0.57624
112c125g_64-1000000-4-oltp_write_only-0.2,24c32g_64-100000-4-oltp_read_only-0.2,745,0.112404,0.556202
112c125g_64-1000000-4-oltp_write_only-0.2,24c32g_64-100000-4-oltp_read_only-0.6,745,0.097321,0.548661
112c125g_64-1000000-4-oltp_write_only-0.2,24c32g_64-100000-4-oltp_read_only-1.0,745,0.129273,0.564637
112c125g_64-1000000-4-oltp_write_only-0.2,24c32g_64-100000-4-oltp_read_write_20-0.2,745,0.25716,0.62858
112c125g_64-1000000-4-oltp_write_only-0.2,24c32g_64-100000-4-oltp_read_write_20-0.6,745,0.232771,0.616385
112c125g_64-1000000-4-oltp_write_only-0.2,24c32g_64-100000-4-oltp_read_write_20-1.0,745,0.172705,0.586352
112c125g_64-1000000-4-oltp_write_only-0.2,24c32g_64-100000-4-oltp_read_write_5-0.2,745,0.246347,0.623174
112c125g_64-1000000-4-oltp_write_only-0.2,24c32g_64-100000-4-oltp_read_write_5-0.6,745,0.296096,0.648048
112c125g_64-1000000-4-oltp_write_only-0.2,24c32g_64-100000-4-oltp_read_write_5-1.0,745,0.218671,0.609336
112c125g_64-1000000-4-oltp_write_only-0.2,24c32g_64-100000-4-oltp_read_write_50-0.2,745,0.247017,0.623509
112c125g_64-1000000-4-oltp_write_only-0.2,24c32g_64-100000-4-oltp_read_write_50-0.6,745,0.17663,0.588315
112c125g_64-1000000-4-oltp_write_only-0.2,24c32g_64-100000-4-oltp_read_write_50-1.0,745,0.155627,0.577814
112c125g_64-1000000-4-oltp_write_only-0.2,24c32g_64-100000-4-oltp_read_write_80-0.2,745,0.186759,0.593379
112c125g_64-1000000-4-oltp_write_only-0.2,24c32g_64-100000-4-oltp_read_write_80-0.6,745,0.231361,0.61568
112c125g_64-1000000-4-oltp_write_only-0.2,24c32g_64-100000-4-oltp_read_write_80-1.0,745,0.211894,0.605947
112c125g_64-1000000-4-oltp_write_only-0.2,24c32g_64-100000-4-oltp_read_write_95-0.2,745,0.187193,0.593596
112c125g_64-1000000-4-oltp_write_only-0.2,24c32g_64-100000-4-oltp_read_write_95-0.6,745,0.162319,0.58116
112c125g_64-1000000-4-oltp_write_only-0.2,24c32g_64-100000-4-oltp_read_write_95-1.0,745,0.195595,0.597797
112c125g_64-1000000-4-oltp_write_only-0.2,24c32g_64-100000-4-oltp_write_only-0.2,745,0.192645,0.596322
112c125g_64-1000000-4-oltp_write_only-0.2,24c32g_64-100000-4-oltp_write_only-0.6,745,0.153887,0.576944
112c125g_64-1000000-4-oltp_write_only-0.2,24c32g_64-100000-4-oltp_write_only-1.0,745,0.138697,0.569349
112c125g_64-1000000-4-oltp_write_only-0.2,24c32g_64-1000000-4-oltp_read_only-0.2,745,0.100317,0.550159
112c125g_64-1000000-4-oltp_write_only-0.2,24c32g_64-1000000-4-oltp_read_only-0.6,745,0.114594,0.557297
112c125g_64-1000000-4-oltp_write_only-0.2,24c32g_64-1000000-4-oltp_read_only-1.0,745,0.110605,0.555303
112c125g_64-1000000-4-oltp_write_only-0.2,24c32g_64-1000000-4-oltp_read_write_20-0.2,745,0.192899,0.596449
112c125g_64-1000000-4-oltp_write_only-0.2,24c32g_64-1000000-4-oltp_read_write_20-0.6,745,0.199986,0.599993
112c125g_64-1000000-4-oltp_write_only-0.2,24c32g_64-1000000-4-oltp_read_write_20-1.0,745,0.280979,0.640489
112c125g_64-1000000-4-oltp_write_only-0.2,24c32g_64-1000000-4-oltp_read_write_5-0.2,745,0.199074,0.599537
112c125g_64-1000000-4-oltp_write_only-0.2,24c32g_64-1000000-4-oltp_read_write_5-0.6,745,0.249719,0.624859
112c125g_64-1000000-4-oltp_write_only-0.2,24c32g_64-1000000-4-oltp_read_write_5-1.0,745,0.280166,0.640083
112c125g_64-1000000-4-oltp_write_only-0.2,24c32g_64-1000000-4-oltp_read_write_50-0.2,745,0.241051,0.620526
112c125g_64-1000000-4-oltp_write_only-0.2,24c32g_64-1000000-4-oltp_read_write_50-0.6,745,0.167785,0.583893
112c125g_64-1000000-4-oltp_write_only-0.2,24c32g_64-1000000-4-oltp_read_write_50-1.0,745,0.152447,0.576224
112c125g_64-1000000-4-oltp_write_only-0.2,24c32g_64-1000000-4-oltp_read_write_80-0.2,745,0.135905,0.567953
112c125g_64-1000000-4-oltp_write_only-0.2,24c32g_64-1000000-4-oltp_read_write_80-0.6,745,0.154956,0.577478
112c125g_64-1000000-4-oltp_write_only-0.2,24c32g_64-1000000-4-oltp_read_write_80-1.0,745,0.236159,0.61808
112c125g_64-1000000-4-oltp_write_only-0.2,24c32g_64-1000000-4-oltp_read_write_95-0.2,745,0.130569,0.565284
112c125g_64-1000000-4-oltp_write_only-0.2,24c32g_64-1000000-4-oltp_read_write_95-0.6,745,0.132982,0.566491
112c125g_64-1000000-4-oltp_write_only-0.2,24c32g_64-1000000-4-oltp_read_write_95-1.0,745,0.16163,0.580815
112c125g_64-1000000-4-oltp_write_only-0.2,24c32g_64-1000000-4-oltp_write_only-0.2,745,0.279041,0.63952
112c125g_64-1000000-4-oltp_write_only-0.2,24c32g_64-1000000-4-oltp_write_only-0.6,745,0.126652,0.563326
112c125g_64-1000000-4-oltp_write_only-0.2,24c32g_64-1000000-4-oltp_write_only-1.0,745,0.192102,0.596051
112c125g_64-1000000-4-oltp_write_only-0.2,32c64g_10-4-4-tpcc-nan,816,0.194748,0.597374
112c125g_64-1000000-4-oltp_write_only-0.2,32c64g_100-4-4-tpcc-nan,816,0.137473,0.568736
112c125g_64-1000000-4-oltp_write_only-0.2,32c64g_50-4-4-tpcc-nan,816,0.15872,0.57936
112c125g_64-1000000-4-oltp_write_only-0.2,32c64g_64-100000-4-oltp_read_only-0.2,816,0.115253,0.557627
112c125g_64-1000000-4-oltp_write_only-0.2,32c64g_64-100000-4-oltp_read_only-0.6,816,0.092799,0.546399
112c125g_64-1000000-4-oltp_write_only-0.2,32c64g_64-100000-4-oltp_read_only-1.0,816,0.113301,0.556651
112c125g_64-1000000-4-oltp_write_only-0.2,32c64g_64-100000-4-oltp_read_write_20-0.2,816,0.23031,0.615155
112c125g_64-1000000-4-oltp_write_only-0.2,32c64g_64-100000-4-oltp_read_write_20-0.6,816,0.22842,0.61421
112c125g_64-1000000-4-oltp_write_only-0.2,32c64g_64-100000-4-oltp_read_write_20-1.0,816,0.165152,0.582576
112c125g_64-1000000-4-oltp_write_only-0.2,32c64g_64-100000-4-oltp_read_write_5-0.2,816,0.220148,0.610074
112c125g_64-1000000-4-oltp_write_only-0.2,32c64g_64-100000-4-oltp_read_write_5-0.6,816,0.24253,0.621265
112c125g_64-1000000-4-oltp_write_only-0.2,32c64g_64-100000-4-oltp_read_write_5-1.0,816,0.221503,0.610751
112c125g_64-1000000-4-oltp_write_only-0.2,32c64g_64-100000-4-oltp_read_write_50-0.2,816,0.209116,0.604558
112c125g_64-1000000-4-oltp_write_only-0.2,32c64g_64-100000-4-oltp_read_write_50-0.6,816,0.155114,0.577557
112c125g_64-1000000-4-oltp_write_only-0.2,32c64g_64-100000-4-oltp_read_write_50-1.0,816,0.158686,0.579343
112c125g_64-1000000-4-oltp_write_only-0.2,32c64g_64-100000-4-oltp_read_write_80-0.2,816,0.182471,0.591235
112c125g_64-1000000-4-oltp_write_only-0.2,32c64g_64-100000-4-oltp_read_write_80-0.6,816,0.198902,0.599451
112c125g_64-1000000-4-oltp_write_only-0.2,32c64g_64-100000-4-oltp_read_write_80-1.0,816,0.180838,0.590419
112c125g_64-1000000-4-oltp_write_only-0.2,32c64g_64-100000-4-oltp_read_write_95-0.2,816,0.170125,0.585063
112c125g_64-1000000-4-oltp_write_only-0.2,32c64g_64-100000-4-oltp_read_write_95-0.6,816,0.179659,0.589829
112c125g_64-1000000-4-oltp_write_only-0.2,32c64g_64-100000-4-oltp_read_write_95-1.0,816,0.187537,0.593769
112c125g_64-1000000-4-oltp_write_only-0.2,32c64g_64-100000-4-oltp_write_only-0.2,816,0.174972,0.587486
112c125g_64-1000000-4-oltp_write_only-0.2,32c64g_64-100000-4-oltp_write_only-0.6,816,0.150272,0.575136
112c125g_64-1000000-4-oltp_write_only-0.2,32c64g_64-100000-4-oltp_write_only-1.0,816,0.149299,0.57465
112c125g_64-1000000-4-oltp_write_only-0.2,32c64g_64-1000000-4-oltp_read_only-0.2,816,0.118839,0.559419
112c125g_64-1000000-4-oltp_write_only-0.2,32c64g_64-1000000-4-oltp_read_only-0.6,816,0.124938,0.562469
112c125g_64-1000000-4-oltp_write_only-0.2,32c64g_64-1000000-4-oltp_read_only-1.0,816,0.087788,0.543894
112c125g_64-1000000-4-oltp_write_only-0.2,32c64g_64-1000000-4-oltp_read_write_20-0.2,816,0.172973,0.586486
112c125g_64-1000000-4-oltp_write_only-0.2,32c64g_64-1000000-4-oltp_read_write_20-0.6,816,0.181493,0.590747
112c125g_64-1000000-4-oltp_write_only-0.2,32c64g_64-1000000-4-oltp_read_write_20-1.0,816,0.246532,0.623266
112c125g_64-1000000-4-oltp_write_only-0.2,32c64g_64-1000000-4-oltp_read_write_5-0.2,816,0.18733,0.593665
112c125g_64-1000000-4-oltp_write_only-0.2,32c64g_64-1000000-4-oltp_read_write_5-0.6,816,0.213354,0.606677
112c125g_64-1000000-4-oltp_write_only-0.2,32c64g_64-1000000-4-oltp_read_write_5-1.0,816,0.25969,0.629845
112c125g_64-1000000-4-oltp_write_only-0.2,32c64g_64-1000000-4-oltp_read_write_50-0.2,816,0.209523,0.604762
112c125g_64-1000000-4-oltp_write_only-0.2,32c64g_64-1000000-4-oltp_read_write_50-0.6,816,0.154635,0.577317
112c125g_64-1000000-4-oltp_write_only-0.2,32c64g_64-1000000-4-oltp_read_write_50-1.0,816,0.189626,0.594813
112c125g_64-1000000-4-oltp_write_only-0.2,32c64g_64-1000000-4-oltp_read_write_80-0.2,816,0.133959,0.566979
112c125g_64-1000000-4-oltp_write_only-0.2,32c64g_64-1000000-4-oltp_read_write_80-0.6,816,0.145301,0.57265
112c125g_64-1000000-4-oltp_write_only-0.2,32c64g_64-1000000-4-oltp_read_write_80-1.0,816,0.231285,0.615643
112c125g_64-1000000-4-oltp_write_only-0.2,32c64g_64-1000000-4-oltp_read_write_95-0.2,816,0.123472,0.561736
112c125g_64-1000000-4-oltp_write_only-0.2,32c64g_64-1000000-4-oltp_read_write_95-0.6,816,0.131861,0.565931
112c125g_64-1000000-4-oltp_write_only-0.2,32c64g_64-1000000-4-oltp_read_write_95-1.0,816,0.16524,0.58262
112c125g_64-1000000-4-oltp_write_only-0.2,32c64g_64-1000000-4-oltp_write_only-0.2,816,0.239047,0.619524
112c125g_64-1000000-4-oltp_write_only-0.2,32c64g_64-1000000-4-oltp_write_only-0.6,816,0.098563,0.549282
112c125g_64-1000000-4-oltp_write_only-0.2,32c64g_64-1000000-4-oltp_write_only-1.0,816,0.182581,0.59129
112c125g_64-1000000-4-oltp_write_only-0.2,4c6g_10-4-4-tpcc-nan,358,0.277467,0.638733
112c125g_64-1000000-4-oltp_write_only-0.2,4c6g_100-4-4-tpcc-nan,358,0.152278,0.576139
112c125g_64-1000000-4-oltp_write_only-0.2,4c6g_50-4-4-tpcc-nan,358,0.20021,0.600105
112c125g_64-1000000-4-oltp_write_only-0.2,4c6g_64-100000-4-oltp_read_only-0.2,358,0.072772,0.536386
112c125g_64-1000000-4-oltp_write_only-0.2,4c6g_64-100000-4-oltp_read_only-0.6,358,0.059079,0.529539
112c125g_64-1000000-4-oltp_write_only-0.2,4c6g_64-100000-4-oltp_read_only-1.0,358,0.09479,0.547395
112c125g_64-1000000-4-oltp_write_only-0.2,4c6g_64-100000-4-oltp_read_write_20-0.2,358,0.310734,0.655367
112c125g_64-1000000-4-oltp_write_only-0.2,4c6g_64-100000-4-oltp_read_write_20-0.6,358,0.322848,0.661424
112c125g_64-1000000-4-oltp_write_only-0.2,4c6g_64-100000-4-oltp_read_write_20-1.0,358,0.241432,0.620716
112c125g_64-1000000-4-oltp_write_only-0.2,4c6g_64-100000-4-oltp_read_write_5-0.2,358,0.323392,0.661696
112c125g_64-1000000-4-oltp_write_only-0.2,4c6g_64-100000-4-oltp_read_write_5-0.6,358,0.396403,0.698201
112c125g_64-1000000-4-oltp_write_only-0.2,4c6g_64-100000-4-oltp_read_write_5-1.0,358,0.312808,0.656404
112c125g_64-1000000-4-oltp_write_only-0.2,4c6g_64-100000-4-oltp_read_write_50-0.2,358,0.324647,0.662324
112c125g_64-1000000-4-oltp_write_only-0.2,4c6g_64-100000-4-oltp_read_write_50-0.6,358,0.314115,0.657057
112c125g_64-1000000-4-oltp_write_only-0.2,4c6g_64-100000-4-oltp_read_write_50-1.0,358,0.234876,0.617438
112c125g_64-1000000-4-oltp_write_only-0.2,4c6g_64-100000-4-oltp_read_write_80-0.2,358,0.2417,0.62085
112c125g_64-1000000-4-oltp_write_only-0.2,4c6g_64-100000-4-oltp_read_write_80-0.6,358,0.286128,0.643064
112c125g_64-1000000-4-oltp_write_only-0.2,4c6g_64-100000-4-oltp_read_write_80-1.0,358,0.214476,0.607238
112c125g_64-1000000-4-oltp_write_only-0.2,4c6g_64-100000-4-oltp_read_write_95-0.2,358,0.216447,0.608224
112c125g_64-1000000-4-oltp_write_only-0.2,4c6g_64-100000-4-oltp_read_write_95-0.6,358,0.209077,0.604539
112c125g_64-1000000-4-oltp_write_only-0.2,4c6g_64-100000-4-oltp_read_write_95-1.0,358,0.248863,0.624432
112c125g_64-1000000-4-oltp_write_only-0.2,4c6g_64-100000-4-oltp_write_only-0.2,358,0.240294,0.620147
112c125g_64-1000000-4-oltp_write_only-0.2,4c6g_64-100000-4-oltp_write_only-0.6,358,0.215175,0.607587
112c125g_64-1000000-4-oltp_write_only-0.2,4c6g_64-100000-4-oltp_write_only-1.0,358,0.220155,0.610077
112c125g_64-1000000-4-oltp_write_only-0.2,4c6g_64-1000000-4-oltp_read_only-0.2,358,0.053644,0.526822
112c125g_64-1000000-4-oltp_write_only-0.2,4c6g_64-1000000-4-oltp_read_only-0.6,358,0.091228,0.545614
112c125g_64-1000000-4-oltp_write_only-0.2,4c6g_64-1000000-4-oltp_read_only-1.0,358,0.07257,0.536285
112c125g_64-1000000-4-oltp_write_only-0.2,4c6g_64-1000000-4-oltp_read_write_20-0.2,358,0.206865,0.603432
112c125g_64-1000000-4-oltp_write_only-0.2,4c6g_64-1000000-4-oltp_read_write_20-0.6,358,0.218583,0.609291
112c125g_64-1000000-4-oltp_write_only-0.2,4c6g_64-1000000-4-oltp_read_write_20-1.0,358,0.306661,0.65333
112c125g_64-1000000-4-oltp_write_only-0.2,4c6g_64-1000000-4-oltp_read_write_5-0.2,358,0.246929,0.623465
112c125g_64-1000000-4-oltp_write_only-0.2,4c6g_64-1000000-4-oltp_read_write_5-0.6,358,0.272006,0.636003
112c125g_64-1000000-4-oltp_write_only-0.2,4c6g_64-1000000-4-oltp_read_write_5-1.0,358,0.363911,0.681955
112c125g_64-1000000-4-oltp_write_only-0.2,4c6g_64-1000000-4-oltp_read_write_50-0.2,358,0.254234,0.627117
112c125g_64-1000000-4-oltp_write_only-0.2,4c6g_64-1000000-4-oltp_read_write_50-0.6,358,0.203214,0.601607
112c125g_64-1000000-4-oltp_write_only-0.2,4c6g_64-1000000-4-oltp_read_write_50-1.0,358,0.259814,0.629907
112c125g_64-1000000-4-oltp_write_only-0.2,4c6g_64-1000000-4-oltp_read_write_80-0.2,358,0.165788,0.582894
112c125g_64-1000000-4-oltp_write_only-0.2,4c6g_64-1000000-4-oltp_read_write_80-0.6,358,0.172358,0.586179
112c125g_64-1000000-4-oltp_write_only-0.2,4c6g_64-1000000-4-oltp_read_write_80-1.0,358,0.28983,0.644915
112c125g_64-1000000-4-oltp_write_only-0.2,4c6g_64-1000000-4-oltp_read_write_95-0.2,358,0.144857,0.572429
112c125g_64-1000000-4-oltp_write_only-0.2,4c6g_64-1000000-4-oltp_read_write_95-0.6,358,0.182158,0.591079
112c125g_64-1000000-4-oltp_write_only-0.2,4c6g_64-1000000-4-oltp_read_write_95-1.0,358,0.212461,0.60623
112c125g_64-1000000-4-oltp_write_only-0.2,4c6g_64-1000000-4-oltp_write_only-0.2,358,0.324966,0.662483
112c125g_64-1000000-4-oltp_write_only-0.2,4c6g_64-1000000-4-oltp_write_only-0.6,358,0.215978,0.607989
112c125g_64-1000000-4-oltp_write_only-0.2,4c6g_64-1000000-4-oltp_write_only-1.0,358,0.263173,0.631586
112c125g_64-1000000-4-oltp_write_only-0.2,88c190g_10-4-4-tpcc-nan,819,0.172897,0.586449
112c125g_64-1000000-4-oltp_write_only-0.2,88c190g_100-4-4-tpcc-nan,819,0.113405,0.556703
112c125g_64-1000000-4-oltp_write_only-0.2,88c190g_64-1000000-4-oltp_read_only-0.2,819,0.134846,0.567423
112c125g_64-1000000-4-oltp_write_only-0.2,88c190g_64-1000000-4-oltp_read_only-0.6,819,0.142498,0.571249
112c125g_64-1000000-4-oltp_write_only-0.2,88c190g_64-1000000-4-oltp_read_only-1.0,819,0.124828,0.562414
112c125g_64-1000000-4-oltp_write_only-0.2,88c190g_64-1000000-4-oltp_read_write_20-0.2,819,0.143202,0.571601
112c125g_64-1000000-4-oltp_write_only-0.2,88c190g_64-1000000-4-oltp_read_write_20-0.6,819,0.144442,0.572221
112c125g_64-1000000-4-oltp_write_only-0.2,88c190g_64-1000000-4-oltp_read_write_20-1.0,819,0.148295,0.574147
112c125g_64-1000000-4-oltp_write_only-0.2,88c190g_64-1000000-4-oltp_read_write_5-0.2,819,0.123471,0.561736
112c125g_64-1000000-4-oltp_write_only-0.2,88c190g_64-1000000-4-oltp_read_write_5-0.6,819,0.15752,0.57876
112c125g_64-1000000-4-oltp_write_only-0.2,88c190g_64-1000000-4-oltp_read_write_5-1.0,819,0.165869,0.582935
112c125g_64-1000000-4-oltp_write_only-0.2,88c190g_64-1000000-4-oltp_read_write_50-0.2,819,0.12809,0.564045
112c125g_64-1000000-4-oltp_write_only-0.2,88c190g_64-1000000-4-oltp_read_write_50-0.6,819,0.124305,0.562152
112c125g_64-1000000-4-oltp_write_only-0.2,88c190g_64-1000000-4-oltp_read_write_50-1.0,819,0.166552,0.583276
112c125g_64-1000000-4-oltp_write_only-0.2,88c190g_64-1000000-4-oltp_read_write_80-0.2,819,0.196266,0.598133
112c125g_64-1000000-4-oltp_write_only-0.2,88c190g_64-1000000-4-oltp_read_write_80-0.6,819,0.198648,0.599324
112c125g_64-1000000-4-oltp_write_only-0.2,88c190g_64-1000000-4-oltp_read_write_80-1.0,819,0.248755,0.624377
112c125g_64-1000000-4-oltp_write_only-0.2,88c190g_64-1000000-4-oltp_read_write_95-0.2,819,0.135537,0.567768
112c125g_64-1000000-4-oltp_write_only-0.2,88c190g_64-1000000-4-oltp_read_write_95-0.6,819,0.173259,0.586629
112c125g_64-1000000-4-oltp_write_only-0.2,88c190g_64-1000000-4-oltp_read_write_95-1.0,819,0.206144,0.603072
112c125g_64-1000000-4-oltp_write_only-0.2,88c190g_64-1000000-4-oltp_write_only-0.2,819,0.263565,0.631782
112c125g_64-1000000-4-oltp_write_only-0.2,88c190g_64-1000000-4-oltp_write_only-0.6,819,0.176339,0.588169
112c125g_64-1000000-4-oltp_write_only-0.2,88c190g_64-1000000-4-oltp_write_only-1.0,819,0.206787,0.603394
112c125g_64-1000000-4-oltp_write_only-0.2,8c12g_10-4-4-tpcc-nan,494,0.24904,0.62452
112c125g_64-1000000-4-oltp_write_only-0.2,8c12g_100-4-4-tpcc-nan,494,0.176272,0.588136
112c125g_64-1000000-4-oltp_write_only-0.2,8c12g_50-4-4-tpcc-nan,494,0.163448,0.581724
112c125g_64-1000000-4-oltp_write_only-0.2,8c12g_64-100000-4-oltp_read_only-0.2,494,0.05708,0.52854
112c125g_64-1000000-4-oltp_write_only-0.2,8c12g_64-100000-4-oltp_read_only-0.6,494,0.073931,0.536965
112c125g_64-1000000-4-oltp_write_only-0.2,8c12g_64-100000-4-oltp_read_only-1.0,494,0.085677,0.542839
112c125g_64-1000000-4-oltp_write_only-0.2,8c12g_64-100000-4-oltp_read_write_20-0.2,494,0.275198,0.637599
112c125g_64-1000000-4-oltp_write_only-0.2,8c12g_64-100000-4-oltp_read_write_20-0.6,494,0.28771,0.643855
112c125g_64-1000000-4-oltp_write_only-0.2,8c12g_64-100000-4-oltp_read_write_20-1.0,494,0.2224,0.6112
112c125g_64-1000000-4-oltp_write_only-0.2,8c12g_64-100000-4-oltp_read_write_5-0.2,494,0.327748,0.663874
112c125g_64-1000000-4-oltp_write_only-0.2,8c12g_64-100000-4-oltp_read_write_5-0.6,494,0.35529,0.677645
112c125g_64-1000000-4-oltp_write_only-0.2,8c12g_64-100000-4-oltp_read_write_5-1.0,494,0.299768,0.649884
112c125g_64-1000000-4-oltp_write_only-0.2,8c12g_64-100000-4-oltp_read_write_50-0.2,494,0.253876,0.626938
112c125g_64-1000000-4-oltp_write_only-0.2,8c12g_64-100000-4-oltp_read_write_50-0.6,494,0.236409,0.618205
112c125g_64-1000000-4-oltp_write_only-0.2,8c12g_64-100000-4-oltp_read_write_50-1.0,494,0.192654,0.596327
112c125g_64-1000000-4-oltp_write_only-0.2,8c12g_64-100000-4-oltp_read_write_80-0.2,494,0.207495,0.603747
112c125g_64-1000000-4-oltp_write_only-0.2,8c12g_64-100000-4-oltp_read_write_80-0.6,494,0.251413,0.625706
112c125g_64-1000000-4-oltp_write_only-0.2,8c12g_64-100000-4-oltp_read_write_80-1.0,494,0.211297,0.605648
112c125g_64-1000000-4-oltp_write_only-0.2,8c12g_64-100000-4-oltp_read_write_95-0.2,494,0.169765,0.584883
112c125g_64-1000000-4-oltp_write_only-0.2,8c12g_64-100000-4-oltp_read_write_95-0.6,494,0.175075,0.587538
112c125g_64-1000000-4-oltp_write_only-0.2,8c12g_64-100000-4-oltp_read_write_95-1.0,494,0.215403,0.607701
112c125g_64-1000000-4-oltp_write_only-0.2,8c12g_64-100000-4-oltp_write_only-0.2,494,0.211191,0.605596
112c125g_64-1000000-4-oltp_write_only-0.2,8c12g_64-100000-4-oltp_write_only-0.6,494,0.173114,0.586557
112c125g_64-1000000-4-oltp_write_only-0.2,8c12g_64-100000-4-oltp_write_only-1.0,494,0.195954,0.597977
112c125g_64-1000000-4-oltp_write_only-0.2,8c12g_64-1000000-4-oltp_read_only-0.2,494,0.097728,0.548864
112c125g_64-1000000-4-oltp_write_only-0.2,8c12g_64-1000000-4-oltp_read_only-0.6,494,0.088716,0.544358
112c125g_64-1000000-4-oltp_write_only-0.2,8c12g_64-1000000-4-oltp_read_only-1.0,494,0.090806,0.545403
112c125g_64-1000000-4-oltp_write_only-0.2,8c12g_64-1000000-4-oltp_read_write_20-0.2,494,0.257958,0.628979
112c125g_64-1000000-4-oltp_write_only-0.2,8c12g_64-1000000-4-oltp_read_write_20-0.6,494,0.297943,0.648971
112c125g_64-1000000-4-oltp_write_only-0.2,8c12g_64-1000000-4-oltp_read_write_20-1.0,494,0.340355,0.670178
112c125g_64-1000000-4-oltp_write_only-0.2,8c12g_64-1000000-4-oltp_read_write_5-0.2,494,0.299678,0.649839
112c125g_64-1000000-4-oltp_write_only-0.2,8c12g_64-1000000-4-oltp_read_write_5-0.6,494,0.310305,0.655153
112c125g_64-1000000-4-oltp_write_only-0.2,8c12g_64-1000000-4-oltp_read_write_5-1.0,494,0.343456,0.671728
112c125g_64-1000000-4-oltp_write_only-0.2,8c12g_64-1000000-4-oltp_read_write_50-0.2,494,0.276097,0.638049
112c125g_64-1000000-4-oltp_write_only-0.2,8c12g_64-1000000-4-oltp_read_write_50-0.6,494,0.212395,0.606198
112c125g_64-1000000-4-oltp_write_only-0.2,8c12g_64-1000000-4-oltp_read_write_50-1.0,494,0.236387,0.618194
112c125g_64-1000000-4-oltp_write_only-0.2,8c12g_64-1000000-4-oltp_read_write_80-0.2,494,0.111989,0.555995
112c125g_64-1000000-4-oltp_write_only-0.2,8c12g_64-1000000-4-oltp_read_write_80-0.6,494,0.163708,0.581854
112c125g_64-1000000-4-oltp_write_only-0.2,8c12g_64-1000000-4-oltp_read_write_80-1.0,494,0.25551,0.627755
112c125g_64-1000000-4-oltp_write_only-0.2,8c12g_64-1000000-4-oltp_read_write_95-0.2,494,0.129942,0.564971
112c125g_64-1000000-4-oltp_write_only-0.2,8c12g_64-1000000-4-oltp_read_write_95-0.6,494,0.139788,0.569894
112c125g_64-1000000-4-oltp_write_only-0.2,8c12g_64-1000000-4-oltp_read_write_95-1.0,494,0.15469,0.577345
112c125g_64-1000000-4-oltp_write_only-0.2,8c12g_64-1000000-4-oltp_write_only-0.2,494,0.369918,0.684959
112c125g_64-1000000-4-oltp_write_only-0.2,8c12g_64-1000000-4-oltp_write_only-0.6,494,0.251956,0.625978
112c125g_64-1000000-4-oltp_write_only-0.2,8c12g_64-1000000-4-oltp_write_only-1.0,494,0.278857,0.639428
