target,source,n_top_target,n_top_source,intersect,union,top5_overlap
112c125g_10-4-4-tpcc-nan,12c16g_10-4-4-tpcc-nan,41,30,12,59,0.20339
112c125g_10-4-4-tpcc-nan,12c16g_100-4-4-tpcc-nan,41,30,4,67,0.059701
112c125g_10-4-4-tpcc-nan,12c16g_50-4-4-tpcc-nan,41,30,9,62,0.145161
112c125g_10-4-4-tpcc-nan,12c16g_64-100000-4-oltp_read_only-0.2,41,30,4,67,0.059701
112c125g_10-4-4-tpcc-nan,12c16g_64-100000-4-oltp_read_only-0.6,41,30,5,66,0.075758
112c125g_10-4-4-tpcc-nan,12c16g_64-100000-4-oltp_read_only-1.0,41,30,0,71,0.0
112c125g_10-4-4-tpcc-nan,12c16g_64-100000-4-oltp_read_write_20-0.2,41,30,15,56,0.267857
112c125g_10-4-4-tpcc-nan,12c16g_64-100000-4-oltp_read_write_20-0.6,41,30,15,56,0.267857
112c125g_10-4-4-tpcc-nan,12c16g_64-100000-4-oltp_read_write_20-1.0,41,30,0,71,0.0
112c125g_10-4-4-tpcc-nan,12c16g_64-100000-4-oltp_read_write_5-0.2,41,30,15,56,0.267857
112c125g_10-4-4-tpcc-nan,12c16g_64-100000-4-oltp_read_write_5-0.6,41,30,15,56,0.267857
112c125g_10-4-4-tpcc-nan,12c16g_64-100000-4-oltp_read_write_5-1.0,41,30,15,56,0.267857
112c125g_10-4-4-tpcc-nan,12c16g_64-100000-4-oltp_read_write_50-0.2,41,30,11,60,0.183333
112c125g_10-4-4-tpcc-nan,12c16g_64-100000-4-oltp_read_write_50-0.6,41,30,6,65,0.092308
112c125g_10-4-4-tpcc-nan,12c16g_64-100000-4-oltp_read_write_50-1.0,41,30,0,71,0.0
112c125g_10-4-4-tpcc-nan,12c16g_64-100000-4-oltp_read_write_80-0.2,41,30,9,62,0.145161
112c125g_10-4-4-tpcc-nan,12c16g_64-100000-4-oltp_read_write_80-0.6,41,30,7,64,0.109375
112c125g_10-4-4-tpcc-nan,12c16g_64-100000-4-oltp_read_write_80-1.0,41,30,0,71,0.0
112c125g_10-4-4-tpcc-nan,12c16g_64-100000-4-oltp_read_write_95-0.2,41,30,8,63,0.126984
112c125g_10-4-4-tpcc-nan,12c16g_64-100000-4-oltp_read_write_95-0.6,41,30,9,62,0.145161
112c125g_10-4-4-tpcc-nan,12c16g_64-100000-4-oltp_read_write_95-1.0,41,30,0,71,0.0
112c125g_10-4-4-tpcc-nan,12c16g_64-100000-4-oltp_write_only-0.2,41,30,0,71,0.0
112c125g_10-4-4-tpcc-nan,12c16g_64-100000-4-oltp_write_only-0.6,41,30,0,71,0.0
112c125g_10-4-4-tpcc-nan,12c16g_64-100000-4-oltp_write_only-1.0,41,30,0,71,0.0
112c125g_10-4-4-tpcc-nan,12c16g_64-1000000-4-oltp_read_only-0.2,41,30,3,68,0.044118
112c125g_10-4-4-tpcc-nan,12c16g_64-1000000-4-oltp_read_only-0.6,41,30,2,69,0.028986
112c125g_10-4-4-tpcc-nan,12c16g_64-1000000-4-oltp_read_only-1.0,41,30,1,70,0.014286
112c125g_10-4-4-tpcc-nan,12c16g_64-1000000-4-oltp_read_write_20-0.2,41,30,10,61,0.163934
112c125g_10-4-4-tpcc-nan,12c16g_64-1000000-4-oltp_read_write_20-0.6,41,30,11,60,0.183333
112c125g_10-4-4-tpcc-nan,12c16g_64-1000000-4-oltp_read_write_20-1.0,41,30,9,62,0.145161
112c125g_10-4-4-tpcc-nan,12c16g_64-1000000-4-oltp_read_write_5-0.2,41,30,11,60,0.183333
112c125g_10-4-4-tpcc-nan,12c16g_64-1000000-4-oltp_read_write_5-0.6,41,30,11,60,0.183333
112c125g_10-4-4-tpcc-nan,12c16g_64-1000000-4-oltp_read_write_5-1.0,41,30,15,56,0.267857
112c125g_10-4-4-tpcc-nan,12c16g_64-1000000-4-oltp_read_write_50-0.2,41,30,6,65,0.092308
112c125g_10-4-4-tpcc-nan,12c16g_64-1000000-4-oltp_read_write_50-0.6,41,30,6,65,0.092308
112c125g_10-4-4-tpcc-nan,12c16g_64-1000000-4-oltp_read_write_50-1.0,41,30,0,71,0.0
112c125g_10-4-4-tpcc-nan,12c16g_64-1000000-4-oltp_read_write_80-0.2,41,30,6,65,0.092308
112c125g_10-4-4-tpcc-nan,12c16g_64-1000000-4-oltp_read_write_80-0.6,41,30,7,64,0.109375
112c125g_10-4-4-tpcc-nan,12c16g_64-1000000-4-oltp_read_write_80-1.0,41,30,0,71,0.0
112c125g_10-4-4-tpcc-nan,12c16g_64-1000000-4-oltp_read_write_95-0.2,41,30,4,67,0.059701
112c125g_10-4-4-tpcc-nan,12c16g_64-1000000-4-oltp_read_write_95-0.6,41,30,6,65,0.092308
112c125g_10-4-4-tpcc-nan,12c16g_64-1000000-4-oltp_read_write_95-1.0,41,30,3,68,0.044118
112c125g_10-4-4-tpcc-nan,12c16g_64-1000000-4-oltp_write_only-0.2,41,30,4,67,0.059701
112c125g_10-4-4-tpcc-nan,12c16g_64-1000000-4-oltp_write_only-0.6,41,30,0,71,0.0
112c125g_10-4-4-tpcc-nan,12c16g_64-1000000-4-oltp_write_only-1.0,41,30,0,71,0.0
112c125g_10-4-4-tpcc-nan,16c24g_10-4-4-tpcc-nan,41,33,18,56,0.321429
112c125g_10-4-4-tpcc-nan,16c24g_100-4-4-tpcc-nan,41,33,10,64,0.15625
112c125g_10-4-4-tpcc-nan,16c24g_50-4-4-tpcc-nan,41,33,13,61,0.213115
112c125g_10-4-4-tpcc-nan,16c24g_64-100000-4-oltp_read_only-0.2,41,33,2,72,0.027778
112c125g_10-4-4-tpcc-nan,16c24g_64-100000-4-oltp_read_only-0.6,41,33,5,69,0.072464
112c125g_10-4-4-tpcc-nan,16c24g_64-100000-4-oltp_read_only-1.0,41,33,0,74,0.0
112c125g_10-4-4-tpcc-nan,16c24g_64-100000-4-oltp_read_write_20-0.2,41,33,19,55,0.345455
112c125g_10-4-4-tpcc-nan,16c24g_64-100000-4-oltp_read_write_20-0.6,41,33,19,55,0.345455
112c125g_10-4-4-tpcc-nan,16c24g_64-100000-4-oltp_read_write_20-1.0,41,33,0,74,0.0
112c125g_10-4-4-tpcc-nan,16c24g_64-100000-4-oltp_read_write_5-0.2,41,33,19,55,0.345455
112c125g_10-4-4-tpcc-nan,16c24g_64-100000-4-oltp_read_write_5-0.6,41,33,19,55,0.345455
112c125g_10-4-4-tpcc-nan,16c24g_64-100000-4-oltp_read_write_5-1.0,41,33,19,55,0.345455
112c125g_10-4-4-tpcc-nan,16c24g_64-100000-4-oltp_read_write_50-0.2,41,33,15,59,0.254237
112c125g_10-4-4-tpcc-nan,16c24g_64-100000-4-oltp_read_write_50-0.6,41,33,7,67,0.104478
112c125g_10-4-4-tpcc-nan,16c24g_64-100000-4-oltp_read_write_50-1.0,41,33,0,74,0.0
112c125g_10-4-4-tpcc-nan,16c24g_64-100000-4-oltp_read_write_80-0.2,41,33,6,68,0.088235
112c125g_10-4-4-tpcc-nan,16c24g_64-100000-4-oltp_read_write_80-0.6,41,33,6,68,0.088235
112c125g_10-4-4-tpcc-nan,16c24g_64-100000-4-oltp_read_write_80-1.0,41,33,0,74,0.0
112c125g_10-4-4-tpcc-nan,16c24g_64-100000-4-oltp_read_write_95-0.2,41,33,7,67,0.104478
112c125g_10-4-4-tpcc-nan,16c24g_64-100000-4-oltp_read_write_95-0.6,41,33,5,69,0.072464
112c125g_10-4-4-tpcc-nan,16c24g_64-100000-4-oltp_read_write_95-1.0,41,33,0,74,0.0
112c125g_10-4-4-tpcc-nan,16c24g_64-100000-4-oltp_write_only-0.2,41,33,0,74,0.0
112c125g_10-4-4-tpcc-nan,16c24g_64-100000-4-oltp_write_only-0.6,41,33,0,74,0.0
112c125g_10-4-4-tpcc-nan,16c24g_64-100000-4-oltp_write_only-1.0,41,33,0,74,0.0
112c125g_10-4-4-tpcc-nan,16c24g_64-1000000-4-oltp_read_only-0.2,41,33,1,73,0.013699
112c125g_10-4-4-tpcc-nan,16c24g_64-1000000-4-oltp_read_only-0.6,41,33,1,73,0.013699
112c125g_10-4-4-tpcc-nan,16c24g_64-1000000-4-oltp_read_only-1.0,41,33,2,72,0.027778
112c125g_10-4-4-tpcc-nan,16c24g_64-1000000-4-oltp_read_write_20-0.2,41,33,13,61,0.213115
112c125g_10-4-4-tpcc-nan,16c24g_64-1000000-4-oltp_read_write_20-0.6,41,33,15,59,0.254237
112c125g_10-4-4-tpcc-nan,16c24g_64-1000000-4-oltp_read_write_20-1.0,41,33,19,55,0.345455
112c125g_10-4-4-tpcc-nan,16c24g_64-1000000-4-oltp_read_write_5-0.2,41,33,14,60,0.233333
112c125g_10-4-4-tpcc-nan,16c24g_64-1000000-4-oltp_read_write_5-0.6,41,33,15,59,0.254237
112c125g_10-4-4-tpcc-nan,16c24g_64-1000000-4-oltp_read_write_5-1.0,41,33,19,55,0.345455
112c125g_10-4-4-tpcc-nan,16c24g_64-1000000-4-oltp_read_write_50-0.2,41,33,10,64,0.15625
112c125g_10-4-4-tpcc-nan,16c24g_64-1000000-4-oltp_read_write_50-0.6,41,33,9,65,0.138462
112c125g_10-4-4-tpcc-nan,16c24g_64-1000000-4-oltp_read_write_50-1.0,41,33,7,67,0.104478
112c125g_10-4-4-tpcc-nan,16c24g_64-1000000-4-oltp_read_write_80-0.2,41,33,9,65,0.138462
112c125g_10-4-4-tpcc-nan,16c24g_64-1000000-4-oltp_read_write_80-0.6,41,33,12,62,0.193548
112c125g_10-4-4-tpcc-nan,16c24g_64-1000000-4-oltp_read_write_80-1.0,41,33,0,74,0.0
112c125g_10-4-4-tpcc-nan,16c24g_64-1000000-4-oltp_read_write_95-0.2,41,33,8,66,0.121212
112c125g_10-4-4-tpcc-nan,16c24g_64-1000000-4-oltp_read_write_95-0.6,41,33,7,67,0.104478
112c125g_10-4-4-tpcc-nan,16c24g_64-1000000-4-oltp_read_write_95-1.0,41,33,11,63,0.174603
112c125g_10-4-4-tpcc-nan,16c24g_64-1000000-4-oltp_write_only-0.2,41,33,15,59,0.254237
112c125g_10-4-4-tpcc-nan,16c24g_64-1000000-4-oltp_write_only-0.6,41,33,4,70,0.057143
112c125g_10-4-4-tpcc-nan,16c24g_64-1000000-4-oltp_write_only-1.0,41,33,0,74,0.0
112c125g_10-4-4-tpcc-nan,24c32g_10-4-4-tpcc-nan,41,38,18,61,0.295082
112c125g_10-4-4-tpcc-nan,24c32g_100-4-4-tpcc-nan,41,38,15,64,0.234375
112c125g_10-4-4-tpcc-nan,24c32g_50-4-4-tpcc-nan,41,38,21,58,0.362069
112c125g_10-4-4-tpcc-nan,24c32g_64-100000-4-oltp_read_only-0.2,41,38,6,73,0.082192
112c125g_10-4-4-tpcc-nan,24c32g_64-100000-4-oltp_read_only-0.6,41,38,3,76,0.039474
112c125g_10-4-4-tpcc-nan,24c32g_64-100000-4-oltp_read_only-1.0,41,38,4,75,0.053333
112c125g_10-4-4-tpcc-nan,24c32g_64-100000-4-oltp_read_write_20-0.2,41,38,29,50,0.58
112c125g_10-4-4-tpcc-nan,24c32g_64-100000-4-oltp_read_write_20-0.6,41,38,27,52,0.519231
112c125g_10-4-4-tpcc-nan,24c32g_64-100000-4-oltp_read_write_20-1.0,41,38,0,79,0.0
112c125g_10-4-4-tpcc-nan,24c32g_64-100000-4-oltp_read_write_5-0.2,41,38,30,49,0.612245
112c125g_10-4-4-tpcc-nan,24c32g_64-100000-4-oltp_read_write_5-0.6,41,38,30,49,0.612245
112c125g_10-4-4-tpcc-nan,24c32g_64-100000-4-oltp_read_write_5-1.0,41,38,21,58,0.362069
112c125g_10-4-4-tpcc-nan,24c32g_64-100000-4-oltp_read_write_50-0.2,41,38,19,60,0.316667
112c125g_10-4-4-tpcc-nan,24c32g_64-100000-4-oltp_read_write_50-0.6,41,38,9,70,0.128571
112c125g_10-4-4-tpcc-nan,24c32g_64-100000-4-oltp_read_write_50-1.0,41,38,0,79,0.0
112c125g_10-4-4-tpcc-nan,24c32g_64-100000-4-oltp_read_write_80-0.2,41,38,8,71,0.112676
112c125g_10-4-4-tpcc-nan,24c32g_64-100000-4-oltp_read_write_80-0.6,41,38,6,73,0.082192
112c125g_10-4-4-tpcc-nan,24c32g_64-100000-4-oltp_read_write_80-1.0,41,38,0,79,0.0
112c125g_10-4-4-tpcc-nan,24c32g_64-100000-4-oltp_read_write_95-0.2,41,38,8,71,0.112676
112c125g_10-4-4-tpcc-nan,24c32g_64-100000-4-oltp_read_write_95-0.6,41,38,7,72,0.097222
112c125g_10-4-4-tpcc-nan,24c32g_64-100000-4-oltp_read_write_95-1.0,41,38,0,79,0.0
112c125g_10-4-4-tpcc-nan,24c32g_64-100000-4-oltp_write_only-0.2,41,38,0,79,0.0
112c125g_10-4-4-tpcc-nan,24c32g_64-100000-4-oltp_write_only-0.6,41,38,0,79,0.0
112c125g_10-4-4-tpcc-nan,24c32g_64-100000-4-oltp_write_only-1.0,41,38,0,79,0.0
112c125g_10-4-4-tpcc-nan,24c32g_64-1000000-4-oltp_read_only-0.2,41,38,2,77,0.025974
112c125g_10-4-4-tpcc-nan,24c32g_64-1000000-4-oltp_read_only-0.6,41,38,0,79,0.0
112c125g_10-4-4-tpcc-nan,24c32g_64-1000000-4-oltp_read_only-1.0,41,38,7,72,0.097222
112c125g_10-4-4-tpcc-nan,24c32g_64-1000000-4-oltp_read_write_20-0.2,41,38,25,54,0.462963
112c125g_10-4-4-tpcc-nan,24c32g_64-1000000-4-oltp_read_write_20-0.6,41,38,25,54,0.462963
112c125g_10-4-4-tpcc-nan,24c32g_64-1000000-4-oltp_read_write_20-1.0,41,38,24,55,0.436364
112c125g_10-4-4-tpcc-nan,24c32g_64-1000000-4-oltp_read_write_5-0.2,41,38,24,55,0.436364
112c125g_10-4-4-tpcc-nan,24c32g_64-1000000-4-oltp_read_write_5-0.6,41,38,25,54,0.462963
112c125g_10-4-4-tpcc-nan,24c32g_64-1000000-4-oltp_read_write_5-1.0,41,38,29,50,0.58
112c125g_10-4-4-tpcc-nan,24c32g_64-1000000-4-oltp_read_write_50-0.2,41,38,12,67,0.179104
112c125g_10-4-4-tpcc-nan,24c32g_64-1000000-4-oltp_read_write_50-0.6,41,38,9,70,0.128571
112c125g_10-4-4-tpcc-nan,24c32g_64-1000000-4-oltp_read_write_50-1.0,41,38,9,70,0.128571
112c125g_10-4-4-tpcc-nan,24c32g_64-1000000-4-oltp_read_write_80-0.2,41,38,14,65,0.215385
112c125g_10-4-4-tpcc-nan,24c32g_64-1000000-4-oltp_read_write_80-0.6,41,38,14,65,0.215385
112c125g_10-4-4-tpcc-nan,24c32g_64-1000000-4-oltp_read_write_80-1.0,41,38,2,77,0.025974
112c125g_10-4-4-tpcc-nan,24c32g_64-1000000-4-oltp_read_write_95-0.2,41,38,12,67,0.179104
112c125g_10-4-4-tpcc-nan,24c32g_64-1000000-4-oltp_read_write_95-0.6,41,38,13,66,0.19697
112c125g_10-4-4-tpcc-nan,24c32g_64-1000000-4-oltp_read_write_95-1.0,41,38,14,65,0.215385
112c125g_10-4-4-tpcc-nan,24c32g_64-1000000-4-oltp_write_only-0.2,41,38,8,71,0.112676
112c125g_10-4-4-tpcc-nan,24c32g_64-1000000-4-oltp_write_only-0.6,41,38,2,77,0.025974
112c125g_10-4-4-tpcc-nan,24c32g_64-1000000-4-oltp_write_only-1.0,41,38,0,79,0.0
112c125g_10-4-4-tpcc-nan,32c64g_10-4-4-tpcc-nan,41,41,19,63,0.301587
112c125g_10-4-4-tpcc-nan,32c64g_100-4-4-tpcc-nan,41,41,19,63,0.301587
112c125g_10-4-4-tpcc-nan,32c64g_50-4-4-tpcc-nan,41,41,22,60,0.366667
112c125g_10-4-4-tpcc-nan,32c64g_64-100000-4-oltp_read_only-0.2,41,41,4,78,0.051282
112c125g_10-4-4-tpcc-nan,32c64g_64-100000-4-oltp_read_only-0.6,41,41,7,75,0.093333
112c125g_10-4-4-tpcc-nan,32c64g_64-100000-4-oltp_read_only-1.0,41,41,4,78,0.051282
112c125g_10-4-4-tpcc-nan,32c64g_64-100000-4-oltp_read_write_20-0.2,41,41,32,50,0.64
112c125g_10-4-4-tpcc-nan,32c64g_64-100000-4-oltp_read_write_20-0.6,41,41,26,56,0.464286
112c125g_10-4-4-tpcc-nan,32c64g_64-100000-4-oltp_read_write_20-1.0,41,41,0,82,0.0
112c125g_10-4-4-tpcc-nan,32c64g_64-100000-4-oltp_read_write_5-0.2,41,41,39,43,0.906977
112c125g_10-4-4-tpcc-nan,32c64g_64-100000-4-oltp_read_write_5-0.6,41,41,38,44,0.863636
112c125g_10-4-4-tpcc-nan,32c64g_64-100000-4-oltp_read_write_5-1.0,41,41,21,61,0.344262
112c125g_10-4-4-tpcc-nan,32c64g_64-100000-4-oltp_read_write_50-0.2,41,41,18,64,0.28125
112c125g_10-4-4-tpcc-nan,32c64g_64-100000-4-oltp_read_write_50-0.6,41,41,9,73,0.123288
112c125g_10-4-4-tpcc-nan,32c64g_64-100000-4-oltp_read_write_50-1.0,41,41,0,82,0.0
112c125g_10-4-4-tpcc-nan,32c64g_64-100000-4-oltp_read_write_80-0.2,41,41,12,70,0.171429
112c125g_10-4-4-tpcc-nan,32c64g_64-100000-4-oltp_read_write_80-0.6,41,41,8,74,0.108108
112c125g_10-4-4-tpcc-nan,32c64g_64-100000-4-oltp_read_write_80-1.0,41,41,0,82,0.0
112c125g_10-4-4-tpcc-nan,32c64g_64-100000-4-oltp_read_write_95-0.2,41,41,11,71,0.15493
112c125g_10-4-4-tpcc-nan,32c64g_64-100000-4-oltp_read_write_95-0.6,41,41,10,72,0.138889
112c125g_10-4-4-tpcc-nan,32c64g_64-100000-4-oltp_read_write_95-1.0,41,41,0,82,0.0
112c125g_10-4-4-tpcc-nan,32c64g_64-100000-4-oltp_write_only-0.2,41,41,0,82,0.0
112c125g_10-4-4-tpcc-nan,32c64g_64-100000-4-oltp_write_only-0.6,41,41,0,82,0.0
112c125g_10-4-4-tpcc-nan,32c64g_64-100000-4-oltp_write_only-1.0,41,41,0,82,0.0
112c125g_10-4-4-tpcc-nan,32c64g_64-1000000-4-oltp_read_only-0.2,41,41,8,74,0.108108
112c125g_10-4-4-tpcc-nan,32c64g_64-1000000-4-oltp_read_only-0.6,41,41,4,78,0.051282
112c125g_10-4-4-tpcc-nan,32c64g_64-1000000-4-oltp_read_only-1.0,41,41,3,79,0.037975
112c125g_10-4-4-tpcc-nan,32c64g_64-1000000-4-oltp_read_write_20-0.2,41,41,27,55,0.490909
112c125g_10-4-4-tpcc-nan,32c64g_64-1000000-4-oltp_read_write_20-0.6,41,41,30,52,0.576923
112c125g_10-4-4-tpcc-nan,32c64g_64-1000000-4-oltp_read_write_20-1.0,41,41,23,59,0.389831
112c125g_10-4-4-tpcc-nan,32c64g_64-1000000-4-oltp_read_write_5-0.2,41,41,33,49,0.673469
112c125g_10-4-4-tpcc-nan,32c64g_64-1000000-4-oltp_read_write_5-0.6,41,41,34,48,0.708333
112c125g_10-4-4-tpcc-nan,32c64g_64-1000000-4-oltp_read_write_5-1.0,41,41,34,48,0.708333
112c125g_10-4-4-tpcc-nan,32c64g_64-1000000-4-oltp_read_write_50-0.2,41,41,12,70,0.171429
112c125g_10-4-4-tpcc-nan,32c64g_64-1000000-4-oltp_read_write_50-0.6,41,41,11,71,0.15493
112c125g_10-4-4-tpcc-nan,32c64g_64-1000000-4-oltp_read_write_50-1.0,41,41,7,75,0.093333
112c125g_10-4-4-tpcc-nan,32c64g_64-1000000-4-oltp_read_write_80-0.2,41,41,14,68,0.205882
112c125g_10-4-4-tpcc-nan,32c64g_64-1000000-4-oltp_read_write_80-0.6,41,41,15,67,0.223881
112c125g_10-4-4-tpcc-nan,32c64g_64-1000000-4-oltp_read_write_80-1.0,41,41,0,82,0.0
112c125g_10-4-4-tpcc-nan,32c64g_64-1000000-4-oltp_read_write_95-0.2,41,41,12,70,0.171429
112c125g_10-4-4-tpcc-nan,32c64g_64-1000000-4-oltp_read_write_95-0.6,41,41,19,63,0.301587
112c125g_10-4-4-tpcc-nan,32c64g_64-1000000-4-oltp_read_write_95-1.0,41,41,15,67,0.223881
112c125g_10-4-4-tpcc-nan,32c64g_64-1000000-4-oltp_write_only-0.2,41,41,15,67,0.223881
112c125g_10-4-4-tpcc-nan,32c64g_64-1000000-4-oltp_write_only-0.6,41,41,2,80,0.025
112c125g_10-4-4-tpcc-nan,32c64g_64-1000000-4-oltp_write_only-1.0,41,41,0,82,0.0
112c125g_10-4-4-tpcc-nan,4c6g_10-4-4-tpcc-nan,41,18,4,55,0.072727
112c125g_10-4-4-tpcc-nan,4c6g_100-4-4-tpcc-nan,41,18,2,57,0.035088
112c125g_10-4-4-tpcc-nan,4c6g_50-4-4-tpcc-nan,41,18,2,57,0.035088
112c125g_10-4-4-tpcc-nan,4c6g_64-100000-4-oltp_read_only-0.2,41,18,0,59,0.0
112c125g_10-4-4-tpcc-nan,4c6g_64-100000-4-oltp_read_only-0.6,41,18,2,57,0.035088
112c125g_10-4-4-tpcc-nan,4c6g_64-100000-4-oltp_read_only-1.0,41,18,1,58,0.017241
112c125g_10-4-4-tpcc-nan,4c6g_64-100000-4-oltp_read_write_20-0.2,41,18,4,55,0.072727
112c125g_10-4-4-tpcc-nan,4c6g_64-100000-4-oltp_read_write_20-0.6,41,18,4,55,0.072727
112c125g_10-4-4-tpcc-nan,4c6g_64-100000-4-oltp_read_write_20-1.0,41,18,0,59,0.0
112c125g_10-4-4-tpcc-nan,4c6g_64-100000-4-oltp_read_write_5-0.2,41,18,4,55,0.072727
112c125g_10-4-4-tpcc-nan,4c6g_64-100000-4-oltp_read_write_5-0.6,41,18,4,55,0.072727
112c125g_10-4-4-tpcc-nan,4c6g_64-100000-4-oltp_read_write_5-1.0,41,18,3,56,0.053571
112c125g_10-4-4-tpcc-nan,4c6g_64-100000-4-oltp_read_write_50-0.2,41,18,2,57,0.035088
112c125g_10-4-4-tpcc-nan,4c6g_64-100000-4-oltp_read_write_50-0.6,41,18,2,57,0.035088
112c125g_10-4-4-tpcc-nan,4c6g_64-100000-4-oltp_read_write_50-1.0,41,18,0,59,0.0
112c125g_10-4-4-tpcc-nan,4c6g_64-100000-4-oltp_read_write_80-0.2,41,18,4,55,0.072727
112c125g_10-4-4-tpcc-nan,4c6g_64-100000-4-oltp_read_write_80-0.6,41,18,4,55,0.072727
112c125g_10-4-4-tpcc-nan,4c6g_64-100000-4-oltp_read_write_80-1.0,41,18,0,59,0.0
112c125g_10-4-4-tpcc-nan,4c6g_64-100000-4-oltp_read_write_95-0.2,41,18,4,55,0.072727
112c125g_10-4-4-tpcc-nan,4c6g_64-100000-4-oltp_read_write_95-0.6,41,18,4,55,0.072727
112c125g_10-4-4-tpcc-nan,4c6g_64-100000-4-oltp_read_write_95-1.0,41,18,0,59,0.0
112c125g_10-4-4-tpcc-nan,4c6g_64-100000-4-oltp_write_only-0.2,41,18,0,59,0.0
112c125g_10-4-4-tpcc-nan,4c6g_64-100000-4-oltp_write_only-0.6,41,18,0,59,0.0
112c125g_10-4-4-tpcc-nan,4c6g_64-100000-4-oltp_write_only-1.0,41,18,0,59,0.0
112c125g_10-4-4-tpcc-nan,4c6g_64-1000000-4-oltp_read_only-0.2,41,18,0,59,0.0
112c125g_10-4-4-tpcc-nan,4c6g_64-1000000-4-oltp_read_only-0.6,41,18,1,58,0.017241
112c125g_10-4-4-tpcc-nan,4c6g_64-1000000-4-oltp_read_only-1.0,41,18,2,57,0.035088
112c125g_10-4-4-tpcc-nan,4c6g_64-1000000-4-oltp_read_write_20-0.2,41,18,2,57,0.035088
112c125g_10-4-4-tpcc-nan,4c6g_64-1000000-4-oltp_read_write_20-0.6,41,18,3,56,0.053571
112c125g_10-4-4-tpcc-nan,4c6g_64-1000000-4-oltp_read_write_20-1.0,41,18,4,55,0.072727
112c125g_10-4-4-tpcc-nan,4c6g_64-1000000-4-oltp_read_write_5-0.2,41,18,2,57,0.035088
112c125g_10-4-4-tpcc-nan,4c6g_64-1000000-4-oltp_read_write_5-0.6,41,18,4,55,0.072727
112c125g_10-4-4-tpcc-nan,4c6g_64-1000000-4-oltp_read_write_5-1.0,41,18,4,55,0.072727
112c125g_10-4-4-tpcc-nan,4c6g_64-1000000-4-oltp_read_write_50-0.2,41,18,0,59,0.0
112c125g_10-4-4-tpcc-nan,4c6g_64-1000000-4-oltp_read_write_50-0.6,41,18,2,57,0.035088
112c125g_10-4-4-tpcc-nan,4c6g_64-1000000-4-oltp_read_write_50-1.0,41,18,3,56,0.053571
112c125g_10-4-4-tpcc-nan,4c6g_64-1000000-4-oltp_read_write_80-0.2,41,18,2,57,0.035088
112c125g_10-4-4-tpcc-nan,4c6g_64-1000000-4-oltp_read_write_80-0.6,41,18,2,57,0.035088
112c125g_10-4-4-tpcc-nan,4c6g_64-1000000-4-oltp_read_write_80-1.0,41,18,0,59,0.0
112c125g_10-4-4-tpcc-nan,4c6g_64-1000000-4-oltp_read_write_95-0.2,41,18,2,57,0.035088
112c125g_10-4-4-tpcc-nan,4c6g_64-1000000-4-oltp_read_write_95-0.6,41,18,2,57,0.035088
112c125g_10-4-4-tpcc-nan,4c6g_64-1000000-4-oltp_read_write_95-1.0,41,18,2,57,0.035088
112c125g_10-4-4-tpcc-nan,4c6g_64-1000000-4-oltp_write_only-0.2,41,18,3,56,0.053571
112c125g_10-4-4-tpcc-nan,4c6g_64-1000000-4-oltp_write_only-0.6,41,18,4,55,0.072727
112c125g_10-4-4-tpcc-nan,4c6g_64-1000000-4-oltp_write_only-1.0,41,18,0,59,0.0
112c125g_10-4-4-tpcc-nan,88c190g_10-4-4-tpcc-nan,41,41,7,75,0.093333
112c125g_10-4-4-tpcc-nan,88c190g_100-4-4-tpcc-nan,41,41,9,73,0.123288
112c125g_10-4-4-tpcc-nan,88c190g_64-1000000-4-oltp_read_only-0.2,41,41,3,79,0.037975
112c125g_10-4-4-tpcc-nan,88c190g_64-1000000-4-oltp_read_only-0.6,41,41,2,80,0.025
112c125g_10-4-4-tpcc-nan,88c190g_64-1000000-4-oltp_read_only-1.0,41,41,2,80,0.025
112c125g_10-4-4-tpcc-nan,88c190g_64-1000000-4-oltp_read_write_20-0.2,41,41,15,67,0.223881
112c125g_10-4-4-tpcc-nan,88c190g_64-1000000-4-oltp_read_write_20-0.6,41,41,15,67,0.223881
112c125g_10-4-4-tpcc-nan,88c190g_64-1000000-4-oltp_read_write_20-1.0,41,41,8,74,0.108108
112c125g_10-4-4-tpcc-nan,88c190g_64-1000000-4-oltp_read_write_5-0.2,41,41,32,50,0.64
112c125g_10-4-4-tpcc-nan,88c190g_64-1000000-4-oltp_read_write_5-0.6,41,41,34,48,0.708333
112c125g_10-4-4-tpcc-nan,88c190g_64-1000000-4-oltp_read_write_5-1.0,41,41,34,48,0.708333
112c125g_10-4-4-tpcc-nan,88c190g_64-1000000-4-oltp_read_write_50-0.2,41,41,12,70,0.171429
112c125g_10-4-4-tpcc-nan,88c190g_64-1000000-4-oltp_read_write_50-0.6,41,41,8,74,0.108108
112c125g_10-4-4-tpcc-nan,88c190g_64-1000000-4-oltp_read_write_50-1.0,41,41,8,74,0.108108
112c125g_10-4-4-tpcc-nan,88c190g_64-1000000-4-oltp_read_write_80-0.2,41,41,16,66,0.242424
112c125g_10-4-4-tpcc-nan,88c190g_64-1000000-4-oltp_read_write_80-0.6,41,41,16,66,0.242424
112c125g_10-4-4-tpcc-nan,88c190g_64-1000000-4-oltp_read_write_80-1.0,41,41,15,67,0.223881
112c125g_10-4-4-tpcc-nan,88c190g_64-1000000-4-oltp_read_write_95-0.2,41,41,20,62,0.322581
112c125g_10-4-4-tpcc-nan,88c190g_64-1000000-4-oltp_read_write_95-0.6,41,41,15,67,0.223881
112c125g_10-4-4-tpcc-nan,88c190g_64-1000000-4-oltp_read_write_95-1.0,41,41,14,68,0.205882
112c125g_10-4-4-tpcc-nan,88c190g_64-1000000-4-oltp_write_only-0.2,41,41,16,66,0.242424
112c125g_10-4-4-tpcc-nan,88c190g_64-1000000-4-oltp_write_only-0.6,41,41,8,74,0.108108
112c125g_10-4-4-tpcc-nan,88c190g_64-1000000-4-oltp_write_only-1.0,41,41,1,81,0.012346
112c125g_10-4-4-tpcc-nan,8c12g_10-4-4-tpcc-nan,41,25,6,60,0.1
112c125g_10-4-4-tpcc-nan,8c12g_100-4-4-tpcc-nan,41,25,2,64,0.03125
112c125g_10-4-4-tpcc-nan,8c12g_50-4-4-tpcc-nan,41,25,6,60,0.1
112c125g_10-4-4-tpcc-nan,8c12g_64-100000-4-oltp_read_only-0.2,41,25,3,63,0.047619
112c125g_10-4-4-tpcc-nan,8c12g_64-100000-4-oltp_read_only-0.6,41,25,2,64,0.03125
112c125g_10-4-4-tpcc-nan,8c12g_64-100000-4-oltp_read_only-1.0,41,25,1,65,0.015385
112c125g_10-4-4-tpcc-nan,8c12g_64-100000-4-oltp_read_write_20-0.2,41,25,10,56,0.178571
112c125g_10-4-4-tpcc-nan,8c12g_64-100000-4-oltp_read_write_20-0.6,41,25,10,56,0.178571
112c125g_10-4-4-tpcc-nan,8c12g_64-100000-4-oltp_read_write_20-1.0,41,25,0,66,0.0
112c125g_10-4-4-tpcc-nan,8c12g_64-100000-4-oltp_read_write_5-0.2,41,25,10,56,0.178571
112c125g_10-4-4-tpcc-nan,8c12g_64-100000-4-oltp_read_write_5-0.6,41,25,10,56,0.178571
112c125g_10-4-4-tpcc-nan,8c12g_64-100000-4-oltp_read_write_5-1.0,41,25,10,56,0.178571
112c125g_10-4-4-tpcc-nan,8c12g_64-100000-4-oltp_read_write_50-0.2,41,25,10,56,0.178571
112c125g_10-4-4-tpcc-nan,8c12g_64-100000-4-oltp_read_write_50-0.6,41,25,5,61,0.081967
112c125g_10-4-4-tpcc-nan,8c12g_64-100000-4-oltp_read_write_50-1.0,41,25,0,66,0.0
112c125g_10-4-4-tpcc-nan,8c12g_64-100000-4-oltp_read_write_80-0.2,41,25,7,59,0.118644
112c125g_10-4-4-tpcc-nan,8c12g_64-100000-4-oltp_read_write_80-0.6,41,25,5,61,0.081967
112c125g_10-4-4-tpcc-nan,8c12g_64-100000-4-oltp_read_write_80-1.0,41,25,0,66,0.0
112c125g_10-4-4-tpcc-nan,8c12g_64-100000-4-oltp_read_write_95-0.2,41,25,6,60,0.1
112c125g_10-4-4-tpcc-nan,8c12g_64-100000-4-oltp_read_write_95-0.6,41,25,7,59,0.118644
112c125g_10-4-4-tpcc-nan,8c12g_64-100000-4-oltp_read_write_95-1.0,41,25,0,66,0.0
112c125g_10-4-4-tpcc-nan,8c12g_64-100000-4-oltp_write_only-0.2,41,25,0,66,0.0
112c125g_10-4-4-tpcc-nan,8c12g_64-100000-4-oltp_write_only-0.6,41,25,0,66,0.0
112c125g_10-4-4-tpcc-nan,8c12g_64-100000-4-oltp_write_only-1.0,41,25,0,66,0.0
112c125g_10-4-4-tpcc-nan,8c12g_64-1000000-4-oltp_read_only-0.2,41,25,1,65,0.015385
112c125g_10-4-4-tpcc-nan,8c12g_64-1000000-4-oltp_read_only-0.6,41,25,2,64,0.03125
112c125g_10-4-4-tpcc-nan,8c12g_64-1000000-4-oltp_read_only-1.0,41,25,2,64,0.03125
112c125g_10-4-4-tpcc-nan,8c12g_64-1000000-4-oltp_read_write_20-0.2,41,25,6,60,0.1
112c125g_10-4-4-tpcc-nan,8c12g_64-1000000-4-oltp_read_write_20-0.6,41,25,6,60,0.1
112c125g_10-4-4-tpcc-nan,8c12g_64-1000000-4-oltp_read_write_20-1.0,41,25,7,59,0.118644
112c125g_10-4-4-tpcc-nan,8c12g_64-1000000-4-oltp_read_write_5-0.2,41,25,6,60,0.1
112c125g_10-4-4-tpcc-nan,8c12g_64-1000000-4-oltp_read_write_5-0.6,41,25,7,59,0.118644
112c125g_10-4-4-tpcc-nan,8c12g_64-1000000-4-oltp_read_write_5-1.0,41,25,10,56,0.178571
112c125g_10-4-4-tpcc-nan,8c12g_64-1000000-4-oltp_read_write_50-0.2,41,25,4,62,0.064516
112c125g_10-4-4-tpcc-nan,8c12g_64-1000000-4-oltp_read_write_50-0.6,41,25,5,61,0.081967
112c125g_10-4-4-tpcc-nan,8c12g_64-1000000-4-oltp_read_write_50-1.0,41,25,0,66,0.0
112c125g_10-4-4-tpcc-nan,8c12g_64-1000000-4-oltp_read_write_80-0.2,41,25,4,62,0.064516
112c125g_10-4-4-tpcc-nan,8c12g_64-1000000-4-oltp_read_write_80-0.6,41,25,6,60,0.1
112c125g_10-4-4-tpcc-nan,8c12g_64-1000000-4-oltp_read_write_80-1.0,41,25,0,66,0.0
112c125g_10-4-4-tpcc-nan,8c12g_64-1000000-4-oltp_read_write_95-0.2,41,25,4,62,0.064516
112c125g_10-4-4-tpcc-nan,8c12g_64-1000000-4-oltp_read_write_95-0.6,41,25,4,62,0.064516
112c125g_10-4-4-tpcc-nan,8c12g_64-1000000-4-oltp_read_write_95-1.0,41,25,5,61,0.081967
112c125g_10-4-4-tpcc-nan,8c12g_64-1000000-4-oltp_write_only-0.2,41,25,3,63,0.047619
112c125g_10-4-4-tpcc-nan,8c12g_64-1000000-4-oltp_write_only-0.6,41,25,0,66,0.0
112c125g_10-4-4-tpcc-nan,8c12g_64-1000000-4-oltp_write_only-1.0,41,25,0,66,0.0
112c125g_100-4-4-tpcc-nan,12c16g_10-4-4-tpcc-nan,41,30,10,61,0.163934
112c125g_100-4-4-tpcc-nan,12c16g_100-4-4-tpcc-nan,41,30,8,63,0.126984
112c125g_100-4-4-tpcc-nan,12c16g_50-4-4-tpcc-nan,41,30,10,61,0.163934
112c125g_100-4-4-tpcc-nan,12c16g_64-100000-4-oltp_read_only-0.2,41,30,8,63,0.126984
112c125g_100-4-4-tpcc-nan,12c16g_64-100000-4-oltp_read_only-0.6,41,30,10,61,0.163934
112c125g_100-4-4-tpcc-nan,12c16g_64-100000-4-oltp_read_only-1.0,41,30,5,66,0.075758
112c125g_100-4-4-tpcc-nan,12c16g_64-100000-4-oltp_read_write_20-0.2,41,30,9,62,0.145161
112c125g_100-4-4-tpcc-nan,12c16g_64-100000-4-oltp_read_write_20-0.6,41,30,10,61,0.163934
112c125g_100-4-4-tpcc-nan,12c16g_64-100000-4-oltp_read_write_20-1.0,41,30,0,71,0.0
112c125g_100-4-4-tpcc-nan,12c16g_64-100000-4-oltp_read_write_5-0.2,41,30,10,61,0.163934
112c125g_100-4-4-tpcc-nan,12c16g_64-100000-4-oltp_read_write_5-0.6,41,30,10,61,0.163934
112c125g_100-4-4-tpcc-nan,12c16g_64-100000-4-oltp_read_write_5-1.0,41,30,9,62,0.145161
112c125g_100-4-4-tpcc-nan,12c16g_64-100000-4-oltp_read_write_50-0.2,41,30,6,65,0.092308
112c125g_100-4-4-tpcc-nan,12c16g_64-100000-4-oltp_read_write_50-0.6,41,30,3,68,0.044118
112c125g_100-4-4-tpcc-nan,12c16g_64-100000-4-oltp_read_write_50-1.0,41,30,0,71,0.0
112c125g_100-4-4-tpcc-nan,12c16g_64-100000-4-oltp_read_write_80-0.2,41,30,6,65,0.092308
112c125g_100-4-4-tpcc-nan,12c16g_64-100000-4-oltp_read_write_80-0.6,41,30,5,66,0.075758
112c125g_100-4-4-tpcc-nan,12c16g_64-100000-4-oltp_read_write_80-1.0,41,30,0,71,0.0
112c125g_100-4-4-tpcc-nan,12c16g_64-100000-4-oltp_read_write_95-0.2,41,30,4,67,0.059701
112c125g_100-4-4-tpcc-nan,12c16g_64-100000-4-oltp_read_write_95-0.6,41,30,3,68,0.044118
112c125g_100-4-4-tpcc-nan,12c16g_64-100000-4-oltp_read_write_95-1.0,41,30,0,71,0.0
112c125g_100-4-4-tpcc-nan,12c16g_64-100000-4-oltp_write_only-0.2,41,30,0,71,0.0
112c125g_100-4-4-tpcc-nan,12c16g_64-100000-4-oltp_write_only-0.6,41,30,0,71,0.0
112c125g_100-4-4-tpcc-nan,12c16g_64-100000-4-oltp_write_only-1.0,41,30,0,71,0.0
112c125g_100-4-4-tpcc-nan,12c16g_64-1000000-4-oltp_read_only-0.2,41,30,3,68,0.044118
112c125g_100-4-4-tpcc-nan,12c16g_64-1000000-4-oltp_read_only-0.6,41,30,5,66,0.075758
112c125g_100-4-4-tpcc-nan,12c16g_64-1000000-4-oltp_read_only-1.0,41,30,3,68,0.044118
112c125g_100-4-4-tpcc-nan,12c16g_64-1000000-4-oltp_read_write_20-0.2,41,30,12,59,0.20339
112c125g_100-4-4-tpcc-nan,12c16g_64-1000000-4-oltp_read_write_20-0.6,41,30,11,60,0.183333
112c125g_100-4-4-tpcc-nan,12c16g_64-1000000-4-oltp_read_write_20-1.0,41,30,9,62,0.145161
112c125g_100-4-4-tpcc-nan,12c16g_64-1000000-4-oltp_read_write_5-0.2,41,30,11,60,0.183333
112c125g_100-4-4-tpcc-nan,12c16g_64-1000000-4-oltp_read_write_5-0.6,41,30,11,60,0.183333
112c125g_100-4-4-tpcc-nan,12c16g_64-1000000-4-oltp_read_write_5-1.0,41,30,10,61,0.163934
112c125g_100-4-4-tpcc-nan,12c16g_64-1000000-4-oltp_read_write_50-0.2,41,30,7,64,0.109375
112c125g_100-4-4-tpcc-nan,12c16g_64-1000000-4-oltp_read_write_50-0.6,41,30,8,63,0.126984
112c125g_100-4-4-tpcc-nan,12c16g_64-1000000-4-oltp_read_write_50-1.0,41,30,6,65,0.092308
112c125g_100-4-4-tpcc-nan,12c16g_64-1000000-4-oltp_read_write_80-0.2,41,30,7,64,0.109375
112c125g_100-4-4-tpcc-nan,12c16g_64-1000000-4-oltp_read_write_80-0.6,41,30,8,63,0.126984
112c125g_100-4-4-tpcc-nan,12c16g_64-1000000-4-oltp_read_write_80-1.0,41,30,0,71,0.0
112c125g_100-4-4-tpcc-nan,12c16g_64-1000000-4-oltp_read_write_95-0.2,41,30,4,67,0.059701
112c125g_100-4-4-tpcc-nan,12c16g_64-1000000-4-oltp_read_write_95-0.6,41,30,7,64,0.109375
112c125g_100-4-4-tpcc-nan,12c16g_64-1000000-4-oltp_read_write_95-1.0,41,30,6,65,0.092308
112c125g_100-4-4-tpcc-nan,12c16g_64-1000000-4-oltp_write_only-0.2,41,30,10,61,0.163934
112c125g_100-4-4-tpcc-nan,12c16g_64-1000000-4-oltp_write_only-0.6,41,30,0,71,0.0
112c125g_100-4-4-tpcc-nan,12c16g_64-1000000-4-oltp_write_only-1.0,41,30,0,71,0.0
112c125g_100-4-4-tpcc-nan,16c24g_10-4-4-tpcc-nan,41,33,13,61,0.213115
112c125g_100-4-4-tpcc-nan,16c24g_100-4-4-tpcc-nan,41,33,12,62,0.193548
112c125g_100-4-4-tpcc-nan,16c24g_50-4-4-tpcc-nan,41,33,13,61,0.213115
112c125g_100-4-4-tpcc-nan,16c24g_64-100000-4-oltp_read_only-0.2,41,33,3,71,0.042254
112c125g_100-4-4-tpcc-nan,16c24g_64-100000-4-oltp_read_only-0.6,41,33,6,68,0.088235
112c125g_100-4-4-tpcc-nan,16c24g_64-100000-4-oltp_read_only-1.0,41,33,1,73,0.013699
112c125g_100-4-4-tpcc-nan,16c24g_64-100000-4-oltp_read_write_20-0.2,41,33,13,61,0.213115
112c125g_100-4-4-tpcc-nan,16c24g_64-100000-4-oltp_read_write_20-0.6,41,33,13,61,0.213115
112c125g_100-4-4-tpcc-nan,16c24g_64-100000-4-oltp_read_write_20-1.0,41,33,0,74,0.0
112c125g_100-4-4-tpcc-nan,16c24g_64-100000-4-oltp_read_write_5-0.2,41,33,13,61,0.213115
112c125g_100-4-4-tpcc-nan,16c24g_64-100000-4-oltp_read_write_5-0.6,41,33,13,61,0.213115
112c125g_100-4-4-tpcc-nan,16c24g_64-100000-4-oltp_read_write_5-1.0,41,33,13,61,0.213115
112c125g_100-4-4-tpcc-nan,16c24g_64-100000-4-oltp_read_write_50-0.2,41,33,9,65,0.138462
112c125g_100-4-4-tpcc-nan,16c24g_64-100000-4-oltp_read_write_50-0.6,41,33,4,70,0.057143
112c125g_100-4-4-tpcc-nan,16c24g_64-100000-4-oltp_read_write_50-1.0,41,33,0,74,0.0
112c125g_100-4-4-tpcc-nan,16c24g_64-100000-4-oltp_read_write_80-0.2,41,33,5,69,0.072464
112c125g_100-4-4-tpcc-nan,16c24g_64-100000-4-oltp_read_write_80-0.6,41,33,3,71,0.042254
112c125g_100-4-4-tpcc-nan,16c24g_64-100000-4-oltp_read_write_80-1.0,41,33,0,74,0.0
112c125g_100-4-4-tpcc-nan,16c24g_64-100000-4-oltp_read_write_95-0.2,41,33,5,69,0.072464
112c125g_100-4-4-tpcc-nan,16c24g_64-100000-4-oltp_read_write_95-0.6,41,33,2,72,0.027778
112c125g_100-4-4-tpcc-nan,16c24g_64-100000-4-oltp_read_write_95-1.0,41,33,0,74,0.0
112c125g_100-4-4-tpcc-nan,16c24g_64-100000-4-oltp_write_only-0.2,41,33,0,74,0.0
112c125g_100-4-4-tpcc-nan,16c24g_64-100000-4-oltp_write_only-0.6,41,33,0,74,0.0
112c125g_100-4-4-tpcc-nan,16c24g_64-100000-4-oltp_write_only-1.0,41,33,0,74,0.0
112c125g_100-4-4-tpcc-nan,16c24g_64-1000000-4-oltp_read_only-0.2,41,33,1,73,0.013699
112c125g_100-4-4-tpcc-nan,16c24g_64-1000000-4-oltp_read_only-0.6,41,33,1,73,0.013699
112c125g_100-4-4-tpcc-nan,16c24g_64-1000000-4-oltp_read_only-1.0,41,33,6,68,0.088235
112c125g_100-4-4-tpcc-nan,16c24g_64-1000000-4-oltp_read_write_20-0.2,41,33,13,61,0.213115
112c125g_100-4-4-tpcc-nan,16c24g_64-1000000-4-oltp_read_write_20-0.6,41,33,14,60,0.233333
112c125g_100-4-4-tpcc-nan,16c24g_64-1000000-4-oltp_read_write_20-1.0,41,33,13,61,0.213115
112c125g_100-4-4-tpcc-nan,16c24g_64-1000000-4-oltp_read_write_5-0.2,41,33,13,61,0.213115
112c125g_100-4-4-tpcc-nan,16c24g_64-1000000-4-oltp_read_write_5-0.6,41,33,14,60,0.233333
112c125g_100-4-4-tpcc-nan,16c24g_64-1000000-4-oltp_read_write_5-1.0,41,33,13,61,0.213115
112c125g_100-4-4-tpcc-nan,16c24g_64-1000000-4-oltp_read_write_50-0.2,41,33,10,64,0.15625
112c125g_100-4-4-tpcc-nan,16c24g_64-1000000-4-oltp_read_write_50-0.6,41,33,9,65,0.138462
112c125g_100-4-4-tpcc-nan,16c24g_64-1000000-4-oltp_read_write_50-1.0,41,33,10,64,0.15625
112c125g_100-4-4-tpcc-nan,16c24g_64-1000000-4-oltp_read_write_80-0.2,41,33,9,65,0.138462
112c125g_100-4-4-tpcc-nan,16c24g_64-1000000-4-oltp_read_write_80-0.6,41,33,10,64,0.15625
112c125g_100-4-4-tpcc-nan,16c24g_64-1000000-4-oltp_read_write_80-1.0,41,33,0,74,0.0
112c125g_100-4-4-tpcc-nan,16c24g_64-1000000-4-oltp_read_write_95-0.2,41,33,8,66,0.121212
112c125g_100-4-4-tpcc-nan,16c24g_64-1000000-4-oltp_read_write_95-0.6,41,33,10,64,0.15625
112c125g_100-4-4-tpcc-nan,16c24g_64-1000000-4-oltp_read_write_95-1.0,41,33,9,65,0.138462
112c125g_100-4-4-tpcc-nan,16c24g_64-1000000-4-oltp_write_only-0.2,41,33,10,64,0.15625
112c125g_100-4-4-tpcc-nan,16c24g_64-1000000-4-oltp_write_only-0.6,41,33,0,74,0.0
112c125g_100-4-4-tpcc-nan,16c24g_64-1000000-4-oltp_write_only-1.0,41,33,0,74,0.0
112c125g_100-4-4-tpcc-nan,24c32g_10-4-4-tpcc-nan,41,38,18,61,0.295082
112c125g_100-4-4-tpcc-nan,24c32g_100-4-4-tpcc-nan,41,38,17,62,0.274194
112c125g_100-4-4-tpcc-nan,24c32g_50-4-4-tpcc-nan,41,38,22,57,0.385965
112c125g_100-4-4-tpcc-nan,24c32g_64-100000-4-oltp_read_only-0.2,41,38,6,73,0.082192
112c125g_100-4-4-tpcc-nan,24c32g_64-100000-4-oltp_read_only-0.6,41,38,7,72,0.097222
112c125g_100-4-4-tpcc-nan,24c32g_64-100000-4-oltp_read_only-1.0,41,38,9,70,0.128571
112c125g_100-4-4-tpcc-nan,24c32g_64-100000-4-oltp_read_write_20-0.2,41,38,22,57,0.385965
112c125g_100-4-4-tpcc-nan,24c32g_64-100000-4-oltp_read_write_20-0.6,41,38,20,59,0.338983
112c125g_100-4-4-tpcc-nan,24c32g_64-100000-4-oltp_read_write_20-1.0,41,38,0,79,0.0
112c125g_100-4-4-tpcc-nan,24c32g_64-100000-4-oltp_read_write_5-0.2,41,38,22,57,0.385965
112c125g_100-4-4-tpcc-nan,24c32g_64-100000-4-oltp_read_write_5-0.6,41,38,22,57,0.385965
112c125g_100-4-4-tpcc-nan,24c32g_64-100000-4-oltp_read_write_5-1.0,41,38,15,64,0.234375
112c125g_100-4-4-tpcc-nan,24c32g_64-100000-4-oltp_read_write_50-0.2,41,38,13,66,0.19697
112c125g_100-4-4-tpcc-nan,24c32g_64-100000-4-oltp_read_write_50-0.6,41,38,6,73,0.082192
112c125g_100-4-4-tpcc-nan,24c32g_64-100000-4-oltp_read_write_50-1.0,41,38,0,79,0.0
112c125g_100-4-4-tpcc-nan,24c32g_64-100000-4-oltp_read_write_80-0.2,41,38,5,74,0.067568
112c125g_100-4-4-tpcc-nan,24c32g_64-100000-4-oltp_read_write_80-0.6,41,38,5,74,0.067568
112c125g_100-4-4-tpcc-nan,24c32g_64-100000-4-oltp_read_write_80-1.0,41,38,0,79,0.0
112c125g_100-4-4-tpcc-nan,24c32g_64-100000-4-oltp_read_write_95-0.2,41,38,8,71,0.112676
112c125g_100-4-4-tpcc-nan,24c32g_64-100000-4-oltp_read_write_95-0.6,41,38,4,75,0.053333
112c125g_100-4-4-tpcc-nan,24c32g_64-100000-4-oltp_read_write_95-1.0,41,38,0,79,0.0
112c125g_100-4-4-tpcc-nan,24c32g_64-100000-4-oltp_write_only-0.2,41,38,0,79,0.0
112c125g_100-4-4-tpcc-nan,24c32g_64-100000-4-oltp_write_only-0.6,41,38,0,79,0.0
112c125g_100-4-4-tpcc-nan,24c32g_64-100000-4-oltp_write_only-1.0,41,38,0,79,0.0
112c125g_100-4-4-tpcc-nan,24c32g_64-1000000-4-oltp_read_only-0.2,41,38,2,77,0.025974
112c125g_100-4-4-tpcc-nan,24c32g_64-1000000-4-oltp_read_only-0.6,41,38,0,79,0.0
112c125g_100-4-4-tpcc-nan,24c32g_64-1000000-4-oltp_read_only-1.0,41,38,9,70,0.128571
112c125g_100-4-4-tpcc-nan,24c32g_64-1000000-4-oltp_read_write_20-0.2,41,38,23,56,0.410714
112c125g_100-4-4-tpcc-nan,24c32g_64-1000000-4-oltp_read_write_20-0.6,41,38,23,56,0.410714
112c125g_100-4-4-tpcc-nan,24c32g_64-1000000-4-oltp_read_write_20-1.0,41,38,19,60,0.316667
112c125g_100-4-4-tpcc-nan,24c32g_64-1000000-4-oltp_read_write_5-0.2,41,38,23,56,0.410714
112c125g_100-4-4-tpcc-nan,24c32g_64-1000000-4-oltp_read_write_5-0.6,41,38,22,57,0.385965
112c125g_100-4-4-tpcc-nan,24c32g_64-1000000-4-oltp_read_write_5-1.0,41,38,22,57,0.385965
112c125g_100-4-4-tpcc-nan,24c32g_64-1000000-4-oltp_read_write_50-0.2,41,38,12,67,0.179104
112c125g_100-4-4-tpcc-nan,24c32g_64-1000000-4-oltp_read_write_50-0.6,41,38,11,68,0.161765
112c125g_100-4-4-tpcc-nan,24c32g_64-1000000-4-oltp_read_write_50-1.0,41,38,8,71,0.112676
112c125g_100-4-4-tpcc-nan,24c32g_64-1000000-4-oltp_read_write_80-0.2,41,38,12,67,0.179104
112c125g_100-4-4-tpcc-nan,24c32g_64-1000000-4-oltp_read_write_80-0.6,41,38,12,67,0.179104
112c125g_100-4-4-tpcc-nan,24c32g_64-1000000-4-oltp_read_write_80-1.0,41,38,1,78,0.012821
112c125g_100-4-4-tpcc-nan,24c32g_64-1000000-4-oltp_read_write_95-0.2,41,38,12,67,0.179104
112c125g_100-4-4-tpcc-nan,24c32g_64-1000000-4-oltp_read_write_95-0.6,41,38,13,66,0.19697
112c125g_100-4-4-tpcc-nan,24c32g_64-1000000-4-oltp_read_write_95-1.0,41,38,12,67,0.179104
112c125g_100-4-4-tpcc-nan,24c32g_64-1000000-4-oltp_write_only-0.2,41,38,12,67,0.179104
112c125g_100-4-4-tpcc-nan,24c32g_64-1000000-4-oltp_write_only-0.6,41,38,1,78,0.012821
112c125g_100-4-4-tpcc-nan,24c32g_64-1000000-4-oltp_write_only-1.0,41,38,0,79,0.0
112c125g_100-4-4-tpcc-nan,32c64g_10-4-4-tpcc-nan,41,41,16,66,0.242424
112c125g_100-4-4-tpcc-nan,32c64g_100-4-4-tpcc-nan,41,41,20,62,0.322581
112c125g_100-4-4-tpcc-nan,32c64g_50-4-4-tpcc-nan,41,41,23,59,0.389831
112c125g_100-4-4-tpcc-nan,32c64g_64-100000-4-oltp_read_only-0.2,41,41,4,78,0.051282
112c125g_100-4-4-tpcc-nan,32c64g_64-100000-4-oltp_read_only-0.6,41,41,11,71,0.15493
112c125g_100-4-4-tpcc-nan,32c64g_64-100000-4-oltp_read_only-1.0,41,41,9,73,0.123288
112c125g_100-4-4-tpcc-nan,32c64g_64-100000-4-oltp_read_write_20-0.2,41,41,23,59,0.389831
112c125g_100-4-4-tpcc-nan,32c64g_64-100000-4-oltp_read_write_20-0.6,41,41,20,62,0.322581
112c125g_100-4-4-tpcc-nan,32c64g_64-100000-4-oltp_read_write_20-1.0,41,41,0,82,0.0
112c125g_100-4-4-tpcc-nan,32c64g_64-100000-4-oltp_read_write_5-0.2,41,41,28,54,0.518519
112c125g_100-4-4-tpcc-nan,32c64g_64-100000-4-oltp_read_write_5-0.6,41,41,28,54,0.518519
112c125g_100-4-4-tpcc-nan,32c64g_64-100000-4-oltp_read_write_5-1.0,41,41,15,67,0.223881
112c125g_100-4-4-tpcc-nan,32c64g_64-100000-4-oltp_read_write_50-0.2,41,41,12,70,0.171429
112c125g_100-4-4-tpcc-nan,32c64g_64-100000-4-oltp_read_write_50-0.6,41,41,6,76,0.078947
112c125g_100-4-4-tpcc-nan,32c64g_64-100000-4-oltp_read_write_50-1.0,41,41,0,82,0.0
112c125g_100-4-4-tpcc-nan,32c64g_64-100000-4-oltp_read_write_80-0.2,41,41,9,73,0.123288
112c125g_100-4-4-tpcc-nan,32c64g_64-100000-4-oltp_read_write_80-0.6,41,41,6,76,0.078947
112c125g_100-4-4-tpcc-nan,32c64g_64-100000-4-oltp_read_write_80-1.0,41,41,0,82,0.0
112c125g_100-4-4-tpcc-nan,32c64g_64-100000-4-oltp_read_write_95-0.2,41,41,8,74,0.108108
112c125g_100-4-4-tpcc-nan,32c64g_64-100000-4-oltp_read_write_95-0.6,41,41,9,73,0.123288
112c125g_100-4-4-tpcc-nan,32c64g_64-100000-4-oltp_read_write_95-1.0,41,41,0,82,0.0
112c125g_100-4-4-tpcc-nan,32c64g_64-100000-4-oltp_write_only-0.2,41,41,0,82,0.0
112c125g_100-4-4-tpcc-nan,32c64g_64-100000-4-oltp_write_only-0.6,41,41,0,82,0.0
112c125g_100-4-4-tpcc-nan,32c64g_64-100000-4-oltp_write_only-1.0,41,41,0,82,0.0
112c125g_100-4-4-tpcc-nan,32c64g_64-1000000-4-oltp_read_only-0.2,41,41,8,74,0.108108
112c125g_100-4-4-tpcc-nan,32c64g_64-1000000-4-oltp_read_only-0.6,41,41,4,78,0.051282
112c125g_100-4-4-tpcc-nan,32c64g_64-1000000-4-oltp_read_only-1.0,41,41,7,75,0.093333
112c125g_100-4-4-tpcc-nan,32c64g_64-1000000-4-oltp_read_write_20-0.2,41,41,25,57,0.438596
112c125g_100-4-4-tpcc-nan,32c64g_64-1000000-4-oltp_read_write_20-0.6,41,41,28,54,0.518519
112c125g_100-4-4-tpcc-nan,32c64g_64-1000000-4-oltp_read_write_20-1.0,41,41,17,65,0.261538
112c125g_100-4-4-tpcc-nan,32c64g_64-1000000-4-oltp_read_write_5-0.2,41,41,28,54,0.518519
112c125g_100-4-4-tpcc-nan,32c64g_64-1000000-4-oltp_read_write_5-0.6,41,41,28,54,0.518519
112c125g_100-4-4-tpcc-nan,32c64g_64-1000000-4-oltp_read_write_5-1.0,41,41,27,55,0.490909
112c125g_100-4-4-tpcc-nan,32c64g_64-1000000-4-oltp_read_write_50-0.2,41,41,13,69,0.188406
112c125g_100-4-4-tpcc-nan,32c64g_64-1000000-4-oltp_read_write_50-0.6,41,41,13,69,0.188406
112c125g_100-4-4-tpcc-nan,32c64g_64-1000000-4-oltp_read_write_50-1.0,41,41,8,74,0.108108
112c125g_100-4-4-tpcc-nan,32c64g_64-1000000-4-oltp_read_write_80-0.2,41,41,12,70,0.171429
112c125g_100-4-4-tpcc-nan,32c64g_64-1000000-4-oltp_read_write_80-0.6,41,41,14,68,0.205882
112c125g_100-4-4-tpcc-nan,32c64g_64-1000000-4-oltp_read_write_80-1.0,41,41,0,82,0.0
112c125g_100-4-4-tpcc-nan,32c64g_64-1000000-4-oltp_read_write_95-0.2,41,41,12,70,0.171429
112c125g_100-4-4-tpcc-nan,32c64g_64-1000000-4-oltp_read_write_95-0.6,41,41,19,63,0.301587
112c125g_100-4-4-tpcc-nan,32c64g_64-1000000-4-oltp_read_write_95-1.0,41,41,13,69,0.188406
112c125g_100-4-4-tpcc-nan,32c64g_64-1000000-4-oltp_write_only-0.2,41,41,11,71,0.15493
112c125g_100-4-4-tpcc-nan,32c64g_64-1000000-4-oltp_write_only-0.6,41,41,0,82,0.0
112c125g_100-4-4-tpcc-nan,32c64g_64-1000000-4-oltp_write_only-1.0,41,41,0,82,0.0
112c125g_100-4-4-tpcc-nan,4c6g_10-4-4-tpcc-nan,41,18,0,59,0.0
112c125g_100-4-4-tpcc-nan,4c6g_100-4-4-tpcc-nan,41,18,2,57,0.035088
112c125g_100-4-4-tpcc-nan,4c6g_50-4-4-tpcc-nan,41,18,2,57,0.035088
112c125g_100-4-4-tpcc-nan,4c6g_64-100000-4-oltp_read_only-0.2,41,18,0,59,0.0
112c125g_100-4-4-tpcc-nan,4c6g_64-100000-4-oltp_read_only-0.6,41,18,0,59,0.0
112c125g_100-4-4-tpcc-nan,4c6g_64-100000-4-oltp_read_only-1.0,41,18,1,58,0.017241
112c125g_100-4-4-tpcc-nan,4c6g_64-100000-4-oltp_read_write_20-0.2,41,18,2,57,0.035088
112c125g_100-4-4-tpcc-nan,4c6g_64-100000-4-oltp_read_write_20-0.6,41,18,2,57,0.035088
112c125g_100-4-4-tpcc-nan,4c6g_64-100000-4-oltp_read_write_20-1.0,41,18,0,59,0.0
112c125g_100-4-4-tpcc-nan,4c6g_64-100000-4-oltp_read_write_5-0.2,41,18,2,57,0.035088
112c125g_100-4-4-tpcc-nan,4c6g_64-100000-4-oltp_read_write_5-0.6,41,18,2,57,0.035088
112c125g_100-4-4-tpcc-nan,4c6g_64-100000-4-oltp_read_write_5-1.0,41,18,0,59,0.0
112c125g_100-4-4-tpcc-nan,4c6g_64-100000-4-oltp_read_write_50-0.2,41,18,0,59,0.0
112c125g_100-4-4-tpcc-nan,4c6g_64-100000-4-oltp_read_write_50-0.6,41,18,0,59,0.0
112c125g_100-4-4-tpcc-nan,4c6g_64-100000-4-oltp_read_write_50-1.0,41,18,0,59,0.0
112c125g_100-4-4-tpcc-nan,4c6g_64-100000-4-oltp_read_write_80-0.2,41,18,0,59,0.0
112c125g_100-4-4-tpcc-nan,4c6g_64-100000-4-oltp_read_write_80-0.6,41,18,0,59,0.0
112c125g_100-4-4-tpcc-nan,4c6g_64-100000-4-oltp_read_write_80-1.0,41,18,0,59,0.0
112c125g_100-4-4-tpcc-nan,4c6g_64-100000-4-oltp_read_write_95-0.2,41,18,0,59,0.0
112c125g_100-4-4-tpcc-nan,4c6g_64-100000-4-oltp_read_write_95-0.6,41,18,0,59,0.0
112c125g_100-4-4-tpcc-nan,4c6g_64-100000-4-oltp_read_write_95-1.0,41,18,0,59,0.0
112c125g_100-4-4-tpcc-nan,4c6g_64-100000-4-oltp_write_only-0.2,41,18,0,59,0.0
112c125g_100-4-4-tpcc-nan,4c6g_64-100000-4-oltp_write_only-0.6,41,18,0,59,0.0
112c125g_100-4-4-tpcc-nan,4c6g_64-100000-4-oltp_write_only-1.0,41,18,0,59,0.0
112c125g_100-4-4-tpcc-nan,4c6g_64-1000000-4-oltp_read_only-0.2,41,18,1,58,0.017241
112c125g_100-4-4-tpcc-nan,4c6g_64-1000000-4-oltp_read_only-0.6,41,18,1,58,0.017241
112c125g_100-4-4-tpcc-nan,4c6g_64-1000000-4-oltp_read_only-1.0,41,18,2,57,0.035088
112c125g_100-4-4-tpcc-nan,4c6g_64-1000000-4-oltp_read_write_20-0.2,41,18,2,57,0.035088
112c125g_100-4-4-tpcc-nan,4c6g_64-1000000-4-oltp_read_write_20-0.6,41,18,2,57,0.035088
112c125g_100-4-4-tpcc-nan,4c6g_64-1000000-4-oltp_read_write_20-1.0,41,18,1,58,0.017241
112c125g_100-4-4-tpcc-nan,4c6g_64-1000000-4-oltp_read_write_5-0.2,41,18,2,57,0.035088
112c125g_100-4-4-tpcc-nan,4c6g_64-1000000-4-oltp_read_write_5-0.6,41,18,2,57,0.035088
112c125g_100-4-4-tpcc-nan,4c6g_64-1000000-4-oltp_read_write_5-1.0,41,18,2,57,0.035088
112c125g_100-4-4-tpcc-nan,4c6g_64-1000000-4-oltp_read_write_50-0.2,41,18,2,57,0.035088
112c125g_100-4-4-tpcc-nan,4c6g_64-1000000-4-oltp_read_write_50-0.6,41,18,2,57,0.035088
112c125g_100-4-4-tpcc-nan,4c6g_64-1000000-4-oltp_read_write_50-1.0,41,18,0,59,0.0
112c125g_100-4-4-tpcc-nan,4c6g_64-1000000-4-oltp_read_write_80-0.2,41,18,2,57,0.035088
112c125g_100-4-4-tpcc-nan,4c6g_64-1000000-4-oltp_read_write_80-0.6,41,18,2,57,0.035088
112c125g_100-4-4-tpcc-nan,4c6g_64-1000000-4-oltp_read_write_80-1.0,41,18,0,59,0.0
112c125g_100-4-4-tpcc-nan,4c6g_64-1000000-4-oltp_read_write_95-0.2,41,18,2,57,0.035088
112c125g_100-4-4-tpcc-nan,4c6g_64-1000000-4-oltp_read_write_95-0.6,41,18,2,57,0.035088
112c125g_100-4-4-tpcc-nan,4c6g_64-1000000-4-oltp_read_write_95-1.0,41,18,2,57,0.035088
112c125g_100-4-4-tpcc-nan,4c6g_64-1000000-4-oltp_write_only-0.2,41,18,0,59,0.0
112c125g_100-4-4-tpcc-nan,4c6g_64-1000000-4-oltp_write_only-0.6,41,18,0,59,0.0
112c125g_100-4-4-tpcc-nan,4c6g_64-1000000-4-oltp_write_only-1.0,41,18,0,59,0.0
112c125g_100-4-4-tpcc-nan,88c190g_10-4-4-tpcc-nan,41,41,9,73,0.123288
112c125g_100-4-4-tpcc-nan,88c190g_100-4-4-tpcc-nan,41,41,9,73,0.123288
112c125g_100-4-4-tpcc-nan,88c190g_64-1000000-4-oltp_read_only-0.2,41,41,3,79,0.037975
112c125g_100-4-4-tpcc-nan,88c190g_64-1000000-4-oltp_read_only-0.6,41,41,2,80,0.025
112c125g_100-4-4-tpcc-nan,88c190g_64-1000000-4-oltp_read_only-1.0,41,41,3,79,0.037975
112c125g_100-4-4-tpcc-nan,88c190g_64-1000000-4-oltp_read_write_20-0.2,41,41,15,67,0.223881
112c125g_100-4-4-tpcc-nan,88c190g_64-1000000-4-oltp_read_write_20-0.6,41,41,16,66,0.242424
112c125g_100-4-4-tpcc-nan,88c190g_64-1000000-4-oltp_read_write_20-1.0,41,41,8,74,0.108108
112c125g_100-4-4-tpcc-nan,88c190g_64-1000000-4-oltp_read_write_5-0.2,41,41,31,51,0.607843
112c125g_100-4-4-tpcc-nan,88c190g_64-1000000-4-oltp_read_write_5-0.6,41,41,31,51,0.607843
112c125g_100-4-4-tpcc-nan,88c190g_64-1000000-4-oltp_read_write_5-1.0,41,41,27,55,0.490909
112c125g_100-4-4-tpcc-nan,88c190g_64-1000000-4-oltp_read_write_50-0.2,41,41,12,70,0.171429
112c125g_100-4-4-tpcc-nan,88c190g_64-1000000-4-oltp_read_write_50-0.6,41,41,8,74,0.108108
112c125g_100-4-4-tpcc-nan,88c190g_64-1000000-4-oltp_read_write_50-1.0,41,41,7,75,0.093333
112c125g_100-4-4-tpcc-nan,88c190g_64-1000000-4-oltp_read_write_80-0.2,41,41,13,69,0.188406
112c125g_100-4-4-tpcc-nan,88c190g_64-1000000-4-oltp_read_write_80-0.6,41,41,13,69,0.188406
112c125g_100-4-4-tpcc-nan,88c190g_64-1000000-4-oltp_read_write_80-1.0,41,41,12,70,0.171429
112c125g_100-4-4-tpcc-nan,88c190g_64-1000000-4-oltp_read_write_95-0.2,41,41,20,62,0.322581
112c125g_100-4-4-tpcc-nan,88c190g_64-1000000-4-oltp_read_write_95-0.6,41,41,15,67,0.223881
112c125g_100-4-4-tpcc-nan,88c190g_64-1000000-4-oltp_read_write_95-1.0,41,41,13,69,0.188406
112c125g_100-4-4-tpcc-nan,88c190g_64-1000000-4-oltp_write_only-0.2,41,41,14,68,0.205882
112c125g_100-4-4-tpcc-nan,88c190g_64-1000000-4-oltp_write_only-0.6,41,41,11,71,0.15493
112c125g_100-4-4-tpcc-nan,88c190g_64-1000000-4-oltp_write_only-1.0,41,41,0,82,0.0
112c125g_100-4-4-tpcc-nan,8c12g_10-4-4-tpcc-nan,41,25,6,60,0.1
112c125g_100-4-4-tpcc-nan,8c12g_100-4-4-tpcc-nan,41,25,6,60,0.1
112c125g_100-4-4-tpcc-nan,8c12g_50-4-4-tpcc-nan,41,25,9,57,0.157895
112c125g_100-4-4-tpcc-nan,8c12g_64-100000-4-oltp_read_only-0.2,41,25,1,65,0.015385
112c125g_100-4-4-tpcc-nan,8c12g_64-100000-4-oltp_read_only-0.6,41,25,4,62,0.064516
112c125g_100-4-4-tpcc-nan,8c12g_64-100000-4-oltp_read_only-1.0,41,25,1,65,0.015385
112c125g_100-4-4-tpcc-nan,8c12g_64-100000-4-oltp_read_write_20-0.2,41,25,6,60,0.1
112c125g_100-4-4-tpcc-nan,8c12g_64-100000-4-oltp_read_write_20-0.6,41,25,5,61,0.081967
112c125g_100-4-4-tpcc-nan,8c12g_64-100000-4-oltp_read_write_20-1.0,41,25,0,66,0.0
112c125g_100-4-4-tpcc-nan,8c12g_64-100000-4-oltp_read_write_5-0.2,41,25,7,59,0.118644
112c125g_100-4-4-tpcc-nan,8c12g_64-100000-4-oltp_read_write_5-0.6,41,25,6,60,0.1
112c125g_100-4-4-tpcc-nan,8c12g_64-100000-4-oltp_read_write_5-1.0,41,25,4,62,0.064516
112c125g_100-4-4-tpcc-nan,8c12g_64-100000-4-oltp_read_write_50-0.2,41,25,4,62,0.064516
112c125g_100-4-4-tpcc-nan,8c12g_64-100000-4-oltp_read_write_50-0.6,41,25,3,63,0.047619
112c125g_100-4-4-tpcc-nan,8c12g_64-100000-4-oltp_read_write_50-1.0,41,25,0,66,0.0
112c125g_100-4-4-tpcc-nan,8c12g_64-100000-4-oltp_read_write_80-0.2,41,25,3,63,0.047619
112c125g_100-4-4-tpcc-nan,8c12g_64-100000-4-oltp_read_write_80-0.6,41,25,3,63,0.047619
112c125g_100-4-4-tpcc-nan,8c12g_64-100000-4-oltp_read_write_80-1.0,41,25,0,66,0.0
112c125g_100-4-4-tpcc-nan,8c12g_64-100000-4-oltp_read_write_95-0.2,41,25,4,62,0.064516
112c125g_100-4-4-tpcc-nan,8c12g_64-100000-4-oltp_read_write_95-0.6,41,25,3,63,0.047619
112c125g_100-4-4-tpcc-nan,8c12g_64-100000-4-oltp_read_write_95-1.0,41,25,0,66,0.0
112c125g_100-4-4-tpcc-nan,8c12g_64-100000-4-oltp_write_only-0.2,41,25,0,66,0.0
112c125g_100-4-4-tpcc-nan,8c12g_64-100000-4-oltp_write_only-0.6,41,25,0,66,0.0
112c125g_100-4-4-tpcc-nan,8c12g_64-100000-4-oltp_write_only-1.0,41,25,0,66,0.0
112c125g_100-4-4-tpcc-nan,8c12g_64-1000000-4-oltp_read_only-0.2,41,25,2,64,0.03125
112c125g_100-4-4-tpcc-nan,8c12g_64-1000000-4-oltp_read_only-0.6,41,25,3,63,0.047619
112c125g_100-4-4-tpcc-nan,8c12g_64-1000000-4-oltp_read_only-1.0,41,25,6,60,0.1
112c125g_100-4-4-tpcc-nan,8c12g_64-1000000-4-oltp_read_write_20-0.2,41,25,7,59,0.118644
112c125g_100-4-4-tpcc-nan,8c12g_64-1000000-4-oltp_read_write_20-0.6,41,25,7,59,0.118644
112c125g_100-4-4-tpcc-nan,8c12g_64-1000000-4-oltp_read_write_20-1.0,41,25,6,60,0.1
112c125g_100-4-4-tpcc-nan,8c12g_64-1000000-4-oltp_read_write_5-0.2,41,25,6,60,0.1
112c125g_100-4-4-tpcc-nan,8c12g_64-1000000-4-oltp_read_write_5-0.6,41,25,6,60,0.1
112c125g_100-4-4-tpcc-nan,8c12g_64-1000000-4-oltp_read_write_5-1.0,41,25,6,60,0.1
112c125g_100-4-4-tpcc-nan,8c12g_64-1000000-4-oltp_read_write_50-0.2,41,25,6,60,0.1
112c125g_100-4-4-tpcc-nan,8c12g_64-1000000-4-oltp_read_write_50-0.6,41,25,7,59,0.118644
112c125g_100-4-4-tpcc-nan,8c12g_64-1000000-4-oltp_read_write_50-1.0,41,25,5,61,0.081967
112c125g_100-4-4-tpcc-nan,8c12g_64-1000000-4-oltp_read_write_80-0.2,41,25,6,60,0.1
112c125g_100-4-4-tpcc-nan,8c12g_64-1000000-4-oltp_read_write_80-0.6,41,25,6,60,0.1
112c125g_100-4-4-tpcc-nan,8c12g_64-1000000-4-oltp_read_write_80-1.0,41,25,0,66,0.0
112c125g_100-4-4-tpcc-nan,8c12g_64-1000000-4-oltp_read_write_95-0.2,41,25,5,61,0.081967
112c125g_100-4-4-tpcc-nan,8c12g_64-1000000-4-oltp_read_write_95-0.6,41,25,6,60,0.1
112c125g_100-4-4-tpcc-nan,8c12g_64-1000000-4-oltp_read_write_95-1.0,41,25,7,59,0.118644
112c125g_100-4-4-tpcc-nan,8c12g_64-1000000-4-oltp_write_only-0.2,41,25,6,60,0.1
112c125g_100-4-4-tpcc-nan,8c12g_64-1000000-4-oltp_write_only-0.6,41,25,0,66,0.0
112c125g_100-4-4-tpcc-nan,8c12g_64-1000000-4-oltp_write_only-1.0,41,25,0,66,0.0
112c125g_64-1000000-4-oltp_read_only-0.2,12c16g_10-4-4-tpcc-nan,41,30,0,71,0.0
112c125g_64-1000000-4-oltp_read_only-0.2,12c16g_100-4-4-tpcc-nan,41,30,0,71,0.0
112c125g_64-1000000-4-oltp_read_only-0.2,12c16g_50-4-4-tpcc-nan,41,30,0,71,0.0
112c125g_64-1000000-4-oltp_read_only-0.2,12c16g_64-100000-4-oltp_read_only-0.2,41,30,0,71,0.0
112c125g_64-1000000-4-oltp_read_only-0.2,12c16g_64-100000-4-oltp_read_only-0.6,41,30,0,71,0.0
112c125g_64-1000000-4-oltp_read_only-0.2,12c16g_64-100000-4-oltp_read_only-1.0,41,30,0,71,0.0
112c125g_64-1000000-4-oltp_read_only-0.2,12c16g_64-100000-4-oltp_read_write_20-0.2,41,30,0,71,0.0
112c125g_64-1000000-4-oltp_read_only-0.2,12c16g_64-100000-4-oltp_read_write_20-0.6,41,30,0,71,0.0
112c125g_64-1000000-4-oltp_read_only-0.2,12c16g_64-100000-4-oltp_read_write_20-1.0,41,30,0,71,0.0
112c125g_64-1000000-4-oltp_read_only-0.2,12c16g_64-100000-4-oltp_read_write_5-0.2,41,30,0,71,0.0
112c125g_64-1000000-4-oltp_read_only-0.2,12c16g_64-100000-4-oltp_read_write_5-0.6,41,30,0,71,0.0
112c125g_64-1000000-4-oltp_read_only-0.2,12c16g_64-100000-4-oltp_read_write_5-1.0,41,30,0,71,0.0
112c125g_64-1000000-4-oltp_read_only-0.2,12c16g_64-100000-4-oltp_read_write_50-0.2,41,30,0,71,0.0
112c125g_64-1000000-4-oltp_read_only-0.2,12c16g_64-100000-4-oltp_read_write_50-0.6,41,30,0,71,0.0
112c125g_64-1000000-4-oltp_read_only-0.2,12c16g_64-100000-4-oltp_read_write_50-1.0,41,30,0,71,0.0
112c125g_64-1000000-4-oltp_read_only-0.2,12c16g_64-100000-4-oltp_read_write_80-0.2,41,30,0,71,0.0
112c125g_64-1000000-4-oltp_read_only-0.2,12c16g_64-100000-4-oltp_read_write_80-0.6,41,30,0,71,0.0
112c125g_64-1000000-4-oltp_read_only-0.2,12c16g_64-100000-4-oltp_read_write_80-1.0,41,30,0,71,0.0
112c125g_64-1000000-4-oltp_read_only-0.2,12c16g_64-100000-4-oltp_read_write_95-0.2,41,30,0,71,0.0
112c125g_64-1000000-4-oltp_read_only-0.2,12c16g_64-100000-4-oltp_read_write_95-0.6,41,30,0,71,0.0
112c125g_64-1000000-4-oltp_read_only-0.2,12c16g_64-100000-4-oltp_read_write_95-1.0,41,30,0,71,0.0
112c125g_64-1000000-4-oltp_read_only-0.2,12c16g_64-100000-4-oltp_write_only-0.2,41,30,0,71,0.0
112c125g_64-1000000-4-oltp_read_only-0.2,12c16g_64-100000-4-oltp_write_only-0.6,41,30,0,71,0.0
112c125g_64-1000000-4-oltp_read_only-0.2,12c16g_64-100000-4-oltp_write_only-1.0,41,30,0,71,0.0
112c125g_64-1000000-4-oltp_read_only-0.2,12c16g_64-1000000-4-oltp_read_only-0.2,41,30,0,71,0.0
112c125g_64-1000000-4-oltp_read_only-0.2,12c16g_64-1000000-4-oltp_read_only-0.6,41,30,0,71,0.0
112c125g_64-1000000-4-oltp_read_only-0.2,12c16g_64-1000000-4-oltp_read_only-1.0,41,30,0,71,0.0
112c125g_64-1000000-4-oltp_read_only-0.2,12c16g_64-1000000-4-oltp_read_write_20-0.2,41,30,0,71,0.0
112c125g_64-1000000-4-oltp_read_only-0.2,12c16g_64-1000000-4-oltp_read_write_20-0.6,41,30,0,71,0.0
112c125g_64-1000000-4-oltp_read_only-0.2,12c16g_64-1000000-4-oltp_read_write_20-1.0,41,30,0,71,0.0
112c125g_64-1000000-4-oltp_read_only-0.2,12c16g_64-1000000-4-oltp_read_write_5-0.2,41,30,0,71,0.0
112c125g_64-1000000-4-oltp_read_only-0.2,12c16g_64-1000000-4-oltp_read_write_5-0.6,41,30,0,71,0.0
112c125g_64-1000000-4-oltp_read_only-0.2,12c16g_64-1000000-4-oltp_read_write_5-1.0,41,30,0,71,0.0
112c125g_64-1000000-4-oltp_read_only-0.2,12c16g_64-1000000-4-oltp_read_write_50-0.2,41,30,0,71,0.0
112c125g_64-1000000-4-oltp_read_only-0.2,12c16g_64-1000000-4-oltp_read_write_50-0.6,41,30,0,71,0.0
112c125g_64-1000000-4-oltp_read_only-0.2,12c16g_64-1000000-4-oltp_read_write_50-1.0,41,30,0,71,0.0
112c125g_64-1000000-4-oltp_read_only-0.2,12c16g_64-1000000-4-oltp_read_write_80-0.2,41,30,0,71,0.0
112c125g_64-1000000-4-oltp_read_only-0.2,12c16g_64-1000000-4-oltp_read_write_80-0.6,41,30,0,71,0.0
112c125g_64-1000000-4-oltp_read_only-0.2,12c16g_64-1000000-4-oltp_read_write_80-1.0,41,30,0,71,0.0
112c125g_64-1000000-4-oltp_read_only-0.2,12c16g_64-1000000-4-oltp_read_write_95-0.2,41,30,0,71,0.0
112c125g_64-1000000-4-oltp_read_only-0.2,12c16g_64-1000000-4-oltp_read_write_95-0.6,41,30,0,71,0.0
112c125g_64-1000000-4-oltp_read_only-0.2,12c16g_64-1000000-4-oltp_read_write_95-1.0,41,30,0,71,0.0
112c125g_64-1000000-4-oltp_read_only-0.2,12c16g_64-1000000-4-oltp_write_only-0.2,41,30,0,71,0.0
112c125g_64-1000000-4-oltp_read_only-0.2,12c16g_64-1000000-4-oltp_write_only-0.6,41,30,0,71,0.0
112c125g_64-1000000-4-oltp_read_only-0.2,12c16g_64-1000000-4-oltp_write_only-1.0,41,30,0,71,0.0
112c125g_64-1000000-4-oltp_read_only-0.2,16c24g_10-4-4-tpcc-nan,41,33,5,69,0.072464
112c125g_64-1000000-4-oltp_read_only-0.2,16c24g_100-4-4-tpcc-nan,41,33,6,68,0.088235
112c125g_64-1000000-4-oltp_read_only-0.2,16c24g_50-4-4-tpcc-nan,41,33,5,69,0.072464
112c125g_64-1000000-4-oltp_read_only-0.2,16c24g_64-100000-4-oltp_read_only-0.2,41,33,3,71,0.042254
112c125g_64-1000000-4-oltp_read_only-0.2,16c24g_64-100000-4-oltp_read_only-0.6,41,33,2,72,0.027778
112c125g_64-1000000-4-oltp_read_only-0.2,16c24g_64-100000-4-oltp_read_only-1.0,41,33,2,72,0.027778
112c125g_64-1000000-4-oltp_read_only-0.2,16c24g_64-100000-4-oltp_read_write_20-0.2,41,33,2,72,0.027778
112c125g_64-1000000-4-oltp_read_only-0.2,16c24g_64-100000-4-oltp_read_write_20-0.6,41,33,3,71,0.042254
112c125g_64-1000000-4-oltp_read_only-0.2,16c24g_64-100000-4-oltp_read_write_20-1.0,41,33,1,73,0.013699
112c125g_64-1000000-4-oltp_read_only-0.2,16c24g_64-100000-4-oltp_read_write_5-0.2,41,33,4,70,0.057143
112c125g_64-1000000-4-oltp_read_only-0.2,16c24g_64-100000-4-oltp_read_write_5-0.6,41,33,4,70,0.057143
112c125g_64-1000000-4-oltp_read_only-0.2,16c24g_64-100000-4-oltp_read_write_5-1.0,41,33,2,72,0.027778
112c125g_64-1000000-4-oltp_read_only-0.2,16c24g_64-100000-4-oltp_read_write_50-0.2,41,33,4,70,0.057143
112c125g_64-1000000-4-oltp_read_only-0.2,16c24g_64-100000-4-oltp_read_write_50-0.6,41,33,3,71,0.042254
112c125g_64-1000000-4-oltp_read_only-0.2,16c24g_64-100000-4-oltp_read_write_50-1.0,41,33,1,73,0.013699
112c125g_64-1000000-4-oltp_read_only-0.2,16c24g_64-100000-4-oltp_read_write_80-0.2,41,33,3,71,0.042254
112c125g_64-1000000-4-oltp_read_only-0.2,16c24g_64-100000-4-oltp_read_write_80-0.6,41,33,2,72,0.027778
112c125g_64-1000000-4-oltp_read_only-0.2,16c24g_64-100000-4-oltp_read_write_80-1.0,41,33,1,73,0.013699
112c125g_64-1000000-4-oltp_read_only-0.2,16c24g_64-100000-4-oltp_read_write_95-0.2,41,33,2,72,0.027778
112c125g_64-1000000-4-oltp_read_only-0.2,16c24g_64-100000-4-oltp_read_write_95-0.6,41,33,1,73,0.013699
112c125g_64-1000000-4-oltp_read_only-0.2,16c24g_64-100000-4-oltp_read_write_95-1.0,41,33,1,73,0.013699
112c125g_64-1000000-4-oltp_read_only-0.2,16c24g_64-100000-4-oltp_write_only-0.2,41,33,1,73,0.013699
112c125g_64-1000000-4-oltp_read_only-0.2,16c24g_64-100000-4-oltp_write_only-0.6,41,33,1,73,0.013699
112c125g_64-1000000-4-oltp_read_only-0.2,16c24g_64-100000-4-oltp_write_only-1.0,41,33,0,74,0.0
112c125g_64-1000000-4-oltp_read_only-0.2,16c24g_64-1000000-4-oltp_read_only-0.2,41,33,5,69,0.072464
112c125g_64-1000000-4-oltp_read_only-0.2,16c24g_64-1000000-4-oltp_read_only-0.6,41,33,8,66,0.121212
112c125g_64-1000000-4-oltp_read_only-0.2,16c24g_64-1000000-4-oltp_read_only-1.0,41,33,5,69,0.072464
112c125g_64-1000000-4-oltp_read_only-0.2,16c24g_64-1000000-4-oltp_read_write_20-0.2,41,33,4,70,0.057143
112c125g_64-1000000-4-oltp_read_only-0.2,16c24g_64-1000000-4-oltp_read_write_20-0.6,41,33,4,70,0.057143
112c125g_64-1000000-4-oltp_read_only-0.2,16c24g_64-1000000-4-oltp_read_write_20-1.0,41,33,2,72,0.027778
112c125g_64-1000000-4-oltp_read_only-0.2,16c24g_64-1000000-4-oltp_read_write_5-0.2,41,33,4,70,0.057143
112c125g_64-1000000-4-oltp_read_only-0.2,16c24g_64-1000000-4-oltp_read_write_5-0.6,41,33,2,72,0.027778
112c125g_64-1000000-4-oltp_read_only-0.2,16c24g_64-1000000-4-oltp_read_write_5-1.0,41,33,2,72,0.027778
112c125g_64-1000000-4-oltp_read_only-0.2,16c24g_64-1000000-4-oltp_read_write_50-0.2,41,33,6,68,0.088235
112c125g_64-1000000-4-oltp_read_only-0.2,16c24g_64-1000000-4-oltp_read_write_50-0.6,41,33,7,67,0.104478
112c125g_64-1000000-4-oltp_read_only-0.2,16c24g_64-1000000-4-oltp_read_write_50-1.0,41,33,5,69,0.072464
112c125g_64-1000000-4-oltp_read_only-0.2,16c24g_64-1000000-4-oltp_read_write_80-0.2,41,33,1,73,0.013699
112c125g_64-1000000-4-oltp_read_only-0.2,16c24g_64-1000000-4-oltp_read_write_80-0.6,41,33,3,71,0.042254
112c125g_64-1000000-4-oltp_read_only-0.2,16c24g_64-1000000-4-oltp_read_write_80-1.0,41,33,1,73,0.013699
112c125g_64-1000000-4-oltp_read_only-0.2,16c24g_64-1000000-4-oltp_read_write_95-0.2,41,33,5,69,0.072464
112c125g_64-1000000-4-oltp_read_only-0.2,16c24g_64-1000000-4-oltp_read_write_95-0.6,41,33,3,71,0.042254
112c125g_64-1000000-4-oltp_read_only-0.2,16c24g_64-1000000-4-oltp_read_write_95-1.0,41,33,3,71,0.042254
112c125g_64-1000000-4-oltp_read_only-0.2,16c24g_64-1000000-4-oltp_write_only-0.2,41,33,4,70,0.057143
112c125g_64-1000000-4-oltp_read_only-0.2,16c24g_64-1000000-4-oltp_write_only-0.6,41,33,1,73,0.013699
112c125g_64-1000000-4-oltp_read_only-0.2,16c24g_64-1000000-4-oltp_write_only-1.0,41,33,1,73,0.013699
112c125g_64-1000000-4-oltp_read_only-0.2,24c32g_10-4-4-tpcc-nan,41,38,4,75,0.053333
112c125g_64-1000000-4-oltp_read_only-0.2,24c32g_100-4-4-tpcc-nan,41,38,11,68,0.161765
112c125g_64-1000000-4-oltp_read_only-0.2,24c32g_50-4-4-tpcc-nan,41,38,8,71,0.112676
112c125g_64-1000000-4-oltp_read_only-0.2,24c32g_64-100000-4-oltp_read_only-0.2,41,38,7,72,0.097222
112c125g_64-1000000-4-oltp_read_only-0.2,24c32g_64-100000-4-oltp_read_only-0.6,41,38,4,75,0.053333
112c125g_64-1000000-4-oltp_read_only-0.2,24c32g_64-100000-4-oltp_read_only-1.0,41,38,4,75,0.053333
112c125g_64-1000000-4-oltp_read_only-0.2,24c32g_64-100000-4-oltp_read_write_20-0.2,41,38,5,74,0.067568
112c125g_64-1000000-4-oltp_read_only-0.2,24c32g_64-100000-4-oltp_read_write_20-0.6,41,38,5,74,0.067568
112c125g_64-1000000-4-oltp_read_only-0.2,24c32g_64-100000-4-oltp_read_write_20-1.0,41,38,1,78,0.012821
112c125g_64-1000000-4-oltp_read_only-0.2,24c32g_64-100000-4-oltp_read_write_5-0.2,41,38,6,73,0.082192
112c125g_64-1000000-4-oltp_read_only-0.2,24c32g_64-100000-4-oltp_read_write_5-0.6,41,38,6,73,0.082192
112c125g_64-1000000-4-oltp_read_only-0.2,24c32g_64-100000-4-oltp_read_write_5-1.0,41,38,3,76,0.039474
112c125g_64-1000000-4-oltp_read_only-0.2,24c32g_64-100000-4-oltp_read_write_50-0.2,41,38,5,74,0.067568
112c125g_64-1000000-4-oltp_read_only-0.2,24c32g_64-100000-4-oltp_read_write_50-0.6,41,38,6,73,0.082192
112c125g_64-1000000-4-oltp_read_only-0.2,24c32g_64-100000-4-oltp_read_write_50-1.0,41,38,3,76,0.039474
112c125g_64-1000000-4-oltp_read_only-0.2,24c32g_64-100000-4-oltp_read_write_80-0.2,41,38,5,74,0.067568
112c125g_64-1000000-4-oltp_read_only-0.2,24c32g_64-100000-4-oltp_read_write_80-0.6,41,38,5,74,0.067568
112c125g_64-1000000-4-oltp_read_only-0.2,24c32g_64-100000-4-oltp_read_write_80-1.0,41,38,3,76,0.039474
112c125g_64-1000000-4-oltp_read_only-0.2,24c32g_64-100000-4-oltp_read_write_95-0.2,41,38,4,75,0.053333
112c125g_64-1000000-4-oltp_read_only-0.2,24c32g_64-100000-4-oltp_read_write_95-0.6,41,38,6,73,0.082192
112c125g_64-1000000-4-oltp_read_only-0.2,24c32g_64-100000-4-oltp_read_write_95-1.0,41,38,4,75,0.053333
112c125g_64-1000000-4-oltp_read_only-0.2,24c32g_64-100000-4-oltp_write_only-0.2,41,38,3,76,0.039474
112c125g_64-1000000-4-oltp_read_only-0.2,24c32g_64-100000-4-oltp_write_only-0.6,41,38,3,76,0.039474
112c125g_64-1000000-4-oltp_read_only-0.2,24c32g_64-100000-4-oltp_write_only-1.0,41,38,1,78,0.012821
112c125g_64-1000000-4-oltp_read_only-0.2,24c32g_64-1000000-4-oltp_read_only-0.2,41,38,11,68,0.161765
112c125g_64-1000000-4-oltp_read_only-0.2,24c32g_64-1000000-4-oltp_read_only-0.6,41,38,11,68,0.161765
112c125g_64-1000000-4-oltp_read_only-0.2,24c32g_64-1000000-4-oltp_read_only-1.0,41,38,11,68,0.161765
112c125g_64-1000000-4-oltp_read_only-0.2,24c32g_64-1000000-4-oltp_read_write_20-0.2,41,38,6,73,0.082192
112c125g_64-1000000-4-oltp_read_only-0.2,24c32g_64-1000000-4-oltp_read_write_20-0.6,41,38,8,71,0.112676
112c125g_64-1000000-4-oltp_read_only-0.2,24c32g_64-1000000-4-oltp_read_write_20-1.0,41,38,4,75,0.053333
112c125g_64-1000000-4-oltp_read_only-0.2,24c32g_64-1000000-4-oltp_read_write_5-0.2,41,38,6,73,0.082192
112c125g_64-1000000-4-oltp_read_only-0.2,24c32g_64-1000000-4-oltp_read_write_5-0.6,41,38,6,73,0.082192
112c125g_64-1000000-4-oltp_read_only-0.2,24c32g_64-1000000-4-oltp_read_write_5-1.0,41,38,5,74,0.067568
112c125g_64-1000000-4-oltp_read_only-0.2,24c32g_64-1000000-4-oltp_read_write_50-0.2,41,38,7,72,0.097222
112c125g_64-1000000-4-oltp_read_only-0.2,24c32g_64-1000000-4-oltp_read_write_50-0.6,41,38,6,73,0.082192
112c125g_64-1000000-4-oltp_read_only-0.2,24c32g_64-1000000-4-oltp_read_write_50-1.0,41,38,7,72,0.097222
112c125g_64-1000000-4-oltp_read_only-0.2,24c32g_64-1000000-4-oltp_read_write_80-0.2,41,38,7,72,0.097222
112c125g_64-1000000-4-oltp_read_only-0.2,24c32g_64-1000000-4-oltp_read_write_80-0.6,41,38,7,72,0.097222
112c125g_64-1000000-4-oltp_read_only-0.2,24c32g_64-1000000-4-oltp_read_write_80-1.0,41,38,4,75,0.053333
112c125g_64-1000000-4-oltp_read_only-0.2,24c32g_64-1000000-4-oltp_read_write_95-0.2,41,38,11,68,0.161765
112c125g_64-1000000-4-oltp_read_only-0.2,24c32g_64-1000000-4-oltp_read_write_95-0.6,41,38,8,71,0.112676
112c125g_64-1000000-4-oltp_read_only-0.2,24c32g_64-1000000-4-oltp_read_write_95-1.0,41,38,5,74,0.067568
112c125g_64-1000000-4-oltp_read_only-0.2,24c32g_64-1000000-4-oltp_write_only-0.2,41,38,6,73,0.082192
112c125g_64-1000000-4-oltp_read_only-0.2,24c32g_64-1000000-4-oltp_write_only-0.6,41,38,4,75,0.053333
112c125g_64-1000000-4-oltp_read_only-0.2,24c32g_64-1000000-4-oltp_write_only-1.0,41,38,3,76,0.039474
112c125g_64-1000000-4-oltp_read_only-0.2,32c64g_10-4-4-tpcc-nan,41,41,4,78,0.051282
112c125g_64-1000000-4-oltp_read_only-0.2,32c64g_100-4-4-tpcc-nan,41,41,11,71,0.15493
112c125g_64-1000000-4-oltp_read_only-0.2,32c64g_50-4-4-tpcc-nan,41,41,7,75,0.093333
112c125g_64-1000000-4-oltp_read_only-0.2,32c64g_64-100000-4-oltp_read_only-0.2,41,41,5,77,0.064935
112c125g_64-1000000-4-oltp_read_only-0.2,32c64g_64-100000-4-oltp_read_only-0.6,41,41,5,77,0.064935
112c125g_64-1000000-4-oltp_read_only-0.2,32c64g_64-100000-4-oltp_read_only-1.0,41,41,6,76,0.078947
112c125g_64-1000000-4-oltp_read_only-0.2,32c64g_64-100000-4-oltp_read_write_20-0.2,41,41,5,77,0.064935
112c125g_64-1000000-4-oltp_read_only-0.2,32c64g_64-100000-4-oltp_read_write_20-0.6,41,41,4,78,0.051282
112c125g_64-1000000-4-oltp_read_only-0.2,32c64g_64-100000-4-oltp_read_write_20-1.0,41,41,2,80,0.025
112c125g_64-1000000-4-oltp_read_only-0.2,32c64g_64-100000-4-oltp_read_write_5-0.2,41,41,6,76,0.078947
112c125g_64-1000000-4-oltp_read_only-0.2,32c64g_64-100000-4-oltp_read_write_5-0.6,41,41,6,76,0.078947
112c125g_64-1000000-4-oltp_read_only-0.2,32c64g_64-100000-4-oltp_read_write_5-1.0,41,41,3,79,0.037975
112c125g_64-1000000-4-oltp_read_only-0.2,32c64g_64-100000-4-oltp_read_write_50-0.2,41,41,5,77,0.064935
112c125g_64-1000000-4-oltp_read_only-0.2,32c64g_64-100000-4-oltp_read_write_50-0.6,41,41,6,76,0.078947
112c125g_64-1000000-4-oltp_read_only-0.2,32c64g_64-100000-4-oltp_read_write_50-1.0,41,41,3,79,0.037975
112c125g_64-1000000-4-oltp_read_only-0.2,32c64g_64-100000-4-oltp_read_write_80-0.2,41,41,6,76,0.078947
112c125g_64-1000000-4-oltp_read_only-0.2,32c64g_64-100000-4-oltp_read_write_80-0.6,41,41,6,76,0.078947
112c125g_64-1000000-4-oltp_read_only-0.2,32c64g_64-100000-4-oltp_read_write_80-1.0,41,41,3,79,0.037975
112c125g_64-1000000-4-oltp_read_only-0.2,32c64g_64-100000-4-oltp_read_write_95-0.2,41,41,6,76,0.078947
112c125g_64-1000000-4-oltp_read_only-0.2,32c64g_64-100000-4-oltp_read_write_95-0.6,41,41,6,76,0.078947
112c125g_64-1000000-4-oltp_read_only-0.2,32c64g_64-100000-4-oltp_read_write_95-1.0,41,41,4,78,0.051282
112c125g_64-1000000-4-oltp_read_only-0.2,32c64g_64-100000-4-oltp_write_only-0.2,41,41,4,78,0.051282
112c125g_64-1000000-4-oltp_read_only-0.2,32c64g_64-100000-4-oltp_write_only-0.6,41,41,3,79,0.037975
112c125g_64-1000000-4-oltp_read_only-0.2,32c64g_64-100000-4-oltp_write_only-1.0,41,41,2,80,0.025
112c125g_64-1000000-4-oltp_read_only-0.2,32c64g_64-1000000-4-oltp_read_only-0.2,41,41,15,67,0.223881
112c125g_64-1000000-4-oltp_read_only-0.2,32c64g_64-1000000-4-oltp_read_only-0.6,41,41,12,70,0.171429
112c125g_64-1000000-4-oltp_read_only-0.2,32c64g_64-1000000-4-oltp_read_only-1.0,41,41,7,75,0.093333
112c125g_64-1000000-4-oltp_read_only-0.2,32c64g_64-1000000-4-oltp_read_write_20-0.2,41,41,8,74,0.108108
112c125g_64-1000000-4-oltp_read_only-0.2,32c64g_64-1000000-4-oltp_read_write_20-0.6,41,41,7,75,0.093333
112c125g_64-1000000-4-oltp_read_only-0.2,32c64g_64-1000000-4-oltp_read_write_20-1.0,41,41,3,79,0.037975
112c125g_64-1000000-4-oltp_read_only-0.2,32c64g_64-1000000-4-oltp_read_write_5-0.2,41,41,6,76,0.078947
112c125g_64-1000000-4-oltp_read_only-0.2,32c64g_64-1000000-4-oltp_read_write_5-0.6,41,41,6,76,0.078947
112c125g_64-1000000-4-oltp_read_only-0.2,32c64g_64-1000000-4-oltp_read_write_5-1.0,41,41,6,76,0.078947
112c125g_64-1000000-4-oltp_read_only-0.2,32c64g_64-1000000-4-oltp_read_write_50-0.2,41,41,7,75,0.093333
112c125g_64-1000000-4-oltp_read_only-0.2,32c64g_64-1000000-4-oltp_read_write_50-0.6,41,41,8,74,0.108108
112c125g_64-1000000-4-oltp_read_only-0.2,32c64g_64-1000000-4-oltp_read_write_50-1.0,41,41,7,75,0.093333
112c125g_64-1000000-4-oltp_read_only-0.2,32c64g_64-1000000-4-oltp_read_write_80-0.2,41,41,9,73,0.123288
112c125g_64-1000000-4-oltp_read_only-0.2,32c64g_64-1000000-4-oltp_read_write_80-0.6,41,41,8,74,0.108108
112c125g_64-1000000-4-oltp_read_only-0.2,32c64g_64-1000000-4-oltp_read_write_80-1.0,41,41,4,78,0.051282
112c125g_64-1000000-4-oltp_read_only-0.2,32c64g_64-1000000-4-oltp_read_write_95-0.2,41,41,12,70,0.171429
112c125g_64-1000000-4-oltp_read_only-0.2,32c64g_64-1000000-4-oltp_read_write_95-0.6,41,41,10,72,0.138889
112c125g_64-1000000-4-oltp_read_only-0.2,32c64g_64-1000000-4-oltp_read_write_95-1.0,41,41,7,75,0.093333
112c125g_64-1000000-4-oltp_read_only-0.2,32c64g_64-1000000-4-oltp_write_only-0.2,41,41,5,77,0.064935
112c125g_64-1000000-4-oltp_read_only-0.2,32c64g_64-1000000-4-oltp_write_only-0.6,41,41,4,78,0.051282
112c125g_64-1000000-4-oltp_read_only-0.2,32c64g_64-1000000-4-oltp_write_only-1.0,41,41,3,79,0.037975
112c125g_64-1000000-4-oltp_read_only-0.2,4c6g_10-4-4-tpcc-nan,41,18,0,59,0.0
112c125g_64-1000000-4-oltp_read_only-0.2,4c6g_100-4-4-tpcc-nan,41,18,0,59,0.0
112c125g_64-1000000-4-oltp_read_only-0.2,4c6g_50-4-4-tpcc-nan,41,18,0,59,0.0
112c125g_64-1000000-4-oltp_read_only-0.2,4c6g_64-100000-4-oltp_read_only-0.2,41,18,0,59,0.0
112c125g_64-1000000-4-oltp_read_only-0.2,4c6g_64-100000-4-oltp_read_only-0.6,41,18,0,59,0.0
112c125g_64-1000000-4-oltp_read_only-0.2,4c6g_64-100000-4-oltp_read_only-1.0,41,18,0,59,0.0
112c125g_64-1000000-4-oltp_read_only-0.2,4c6g_64-100000-4-oltp_read_write_20-0.2,41,18,0,59,0.0
112c125g_64-1000000-4-oltp_read_only-0.2,4c6g_64-100000-4-oltp_read_write_20-0.6,41,18,0,59,0.0
112c125g_64-1000000-4-oltp_read_only-0.2,4c6g_64-100000-4-oltp_read_write_20-1.0,41,18,0,59,0.0
112c125g_64-1000000-4-oltp_read_only-0.2,4c6g_64-100000-4-oltp_read_write_5-0.2,41,18,0,59,0.0
112c125g_64-1000000-4-oltp_read_only-0.2,4c6g_64-100000-4-oltp_read_write_5-0.6,41,18,0,59,0.0
112c125g_64-1000000-4-oltp_read_only-0.2,4c6g_64-100000-4-oltp_read_write_5-1.0,41,18,0,59,0.0
112c125g_64-1000000-4-oltp_read_only-0.2,4c6g_64-100000-4-oltp_read_write_50-0.2,41,18,0,59,0.0
112c125g_64-1000000-4-oltp_read_only-0.2,4c6g_64-100000-4-oltp_read_write_50-0.6,41,18,0,59,0.0
112c125g_64-1000000-4-oltp_read_only-0.2,4c6g_64-100000-4-oltp_read_write_50-1.0,41,18,0,59,0.0
112c125g_64-1000000-4-oltp_read_only-0.2,4c6g_64-100000-4-oltp_read_write_80-0.2,41,18,0,59,0.0
112c125g_64-1000000-4-oltp_read_only-0.2,4c6g_64-100000-4-oltp_read_write_80-0.6,41,18,0,59,0.0
112c125g_64-1000000-4-oltp_read_only-0.2,4c6g_64-100000-4-oltp_read_write_80-1.0,41,18,0,59,0.0
112c125g_64-1000000-4-oltp_read_only-0.2,4c6g_64-100000-4-oltp_read_write_95-0.2,41,18,0,59,0.0
112c125g_64-1000000-4-oltp_read_only-0.2,4c6g_64-100000-4-oltp_read_write_95-0.6,41,18,0,59,0.0
112c125g_64-1000000-4-oltp_read_only-0.2,4c6g_64-100000-4-oltp_read_write_95-1.0,41,18,0,59,0.0
112c125g_64-1000000-4-oltp_read_only-0.2,4c6g_64-100000-4-oltp_write_only-0.2,41,18,0,59,0.0
112c125g_64-1000000-4-oltp_read_only-0.2,4c6g_64-100000-4-oltp_write_only-0.6,41,18,0,59,0.0
112c125g_64-1000000-4-oltp_read_only-0.2,4c6g_64-100000-4-oltp_write_only-1.0,41,18,0,59,0.0
112c125g_64-1000000-4-oltp_read_only-0.2,4c6g_64-1000000-4-oltp_read_only-0.2,41,18,0,59,0.0
112c125g_64-1000000-4-oltp_read_only-0.2,4c6g_64-1000000-4-oltp_read_only-0.6,41,18,0,59,0.0
112c125g_64-1000000-4-oltp_read_only-0.2,4c6g_64-1000000-4-oltp_read_only-1.0,41,18,0,59,0.0
112c125g_64-1000000-4-oltp_read_only-0.2,4c6g_64-1000000-4-oltp_read_write_20-0.2,41,18,0,59,0.0
112c125g_64-1000000-4-oltp_read_only-0.2,4c6g_64-1000000-4-oltp_read_write_20-0.6,41,18,0,59,0.0
112c125g_64-1000000-4-oltp_read_only-0.2,4c6g_64-1000000-4-oltp_read_write_20-1.0,41,18,0,59,0.0
112c125g_64-1000000-4-oltp_read_only-0.2,4c6g_64-1000000-4-oltp_read_write_5-0.2,41,18,0,59,0.0
112c125g_64-1000000-4-oltp_read_only-0.2,4c6g_64-1000000-4-oltp_read_write_5-0.6,41,18,0,59,0.0
112c125g_64-1000000-4-oltp_read_only-0.2,4c6g_64-1000000-4-oltp_read_write_5-1.0,41,18,0,59,0.0
112c125g_64-1000000-4-oltp_read_only-0.2,4c6g_64-1000000-4-oltp_read_write_50-0.2,41,18,0,59,0.0
112c125g_64-1000000-4-oltp_read_only-0.2,4c6g_64-1000000-4-oltp_read_write_50-0.6,41,18,0,59,0.0
112c125g_64-1000000-4-oltp_read_only-0.2,4c6g_64-1000000-4-oltp_read_write_50-1.0,41,18,0,59,0.0
112c125g_64-1000000-4-oltp_read_only-0.2,4c6g_64-1000000-4-oltp_read_write_80-0.2,41,18,0,59,0.0
112c125g_64-1000000-4-oltp_read_only-0.2,4c6g_64-1000000-4-oltp_read_write_80-0.6,41,18,0,59,0.0
112c125g_64-1000000-4-oltp_read_only-0.2,4c6g_64-1000000-4-oltp_read_write_80-1.0,41,18,0,59,0.0
112c125g_64-1000000-4-oltp_read_only-0.2,4c6g_64-1000000-4-oltp_read_write_95-0.2,41,18,0,59,0.0
112c125g_64-1000000-4-oltp_read_only-0.2,4c6g_64-1000000-4-oltp_read_write_95-0.6,41,18,0,59,0.0
112c125g_64-1000000-4-oltp_read_only-0.2,4c6g_64-1000000-4-oltp_read_write_95-1.0,41,18,0,59,0.0
112c125g_64-1000000-4-oltp_read_only-0.2,4c6g_64-1000000-4-oltp_write_only-0.2,41,18,0,59,0.0
112c125g_64-1000000-4-oltp_read_only-0.2,4c6g_64-1000000-4-oltp_write_only-0.6,41,18,0,59,0.0
112c125g_64-1000000-4-oltp_read_only-0.2,4c6g_64-1000000-4-oltp_write_only-1.0,41,18,0,59,0.0
112c125g_64-1000000-4-oltp_read_only-0.2,88c190g_10-4-4-tpcc-nan,41,41,8,74,0.108108
112c125g_64-1000000-4-oltp_read_only-0.2,88c190g_100-4-4-tpcc-nan,41,41,15,67,0.223881
112c125g_64-1000000-4-oltp_read_only-0.2,88c190g_64-1000000-4-oltp_read_only-0.2,41,41,18,64,0.28125
112c125g_64-1000000-4-oltp_read_only-0.2,88c190g_64-1000000-4-oltp_read_only-0.6,41,41,14,68,0.205882
112c125g_64-1000000-4-oltp_read_only-0.2,88c190g_64-1000000-4-oltp_read_only-1.0,41,41,14,68,0.205882
112c125g_64-1000000-4-oltp_read_only-0.2,88c190g_64-1000000-4-oltp_read_write_20-0.2,41,41,8,74,0.108108
112c125g_64-1000000-4-oltp_read_only-0.2,88c190g_64-1000000-4-oltp_read_write_20-0.6,41,41,7,75,0.093333
112c125g_64-1000000-4-oltp_read_only-0.2,88c190g_64-1000000-4-oltp_read_write_20-1.0,41,41,7,75,0.093333
112c125g_64-1000000-4-oltp_read_only-0.2,88c190g_64-1000000-4-oltp_read_write_5-0.2,41,41,7,75,0.093333
112c125g_64-1000000-4-oltp_read_only-0.2,88c190g_64-1000000-4-oltp_read_write_5-0.6,41,41,7,75,0.093333
112c125g_64-1000000-4-oltp_read_only-0.2,88c190g_64-1000000-4-oltp_read_write_5-1.0,41,41,7,75,0.093333
112c125g_64-1000000-4-oltp_read_only-0.2,88c190g_64-1000000-4-oltp_read_write_50-0.2,41,41,9,73,0.123288
112c125g_64-1000000-4-oltp_read_only-0.2,88c190g_64-1000000-4-oltp_read_write_50-0.6,41,41,9,73,0.123288
112c125g_64-1000000-4-oltp_read_only-0.2,88c190g_64-1000000-4-oltp_read_write_50-1.0,41,41,8,74,0.108108
112c125g_64-1000000-4-oltp_read_only-0.2,88c190g_64-1000000-4-oltp_read_write_80-0.2,41,41,10,72,0.138889
112c125g_64-1000000-4-oltp_read_only-0.2,88c190g_64-1000000-4-oltp_read_write_80-0.6,41,41,9,73,0.123288
112c125g_64-1000000-4-oltp_read_only-0.2,88c190g_64-1000000-4-oltp_read_write_80-1.0,41,41,6,76,0.078947
112c125g_64-1000000-4-oltp_read_only-0.2,88c190g_64-1000000-4-oltp_read_write_95-0.2,41,41,11,71,0.15493
112c125g_64-1000000-4-oltp_read_only-0.2,88c190g_64-1000000-4-oltp_read_write_95-0.6,41,41,11,71,0.15493
112c125g_64-1000000-4-oltp_read_only-0.2,88c190g_64-1000000-4-oltp_read_write_95-1.0,41,41,8,74,0.108108
112c125g_64-1000000-4-oltp_read_only-0.2,88c190g_64-1000000-4-oltp_write_only-0.2,41,41,8,74,0.108108
112c125g_64-1000000-4-oltp_read_only-0.2,88c190g_64-1000000-4-oltp_write_only-0.6,41,41,8,74,0.108108
112c125g_64-1000000-4-oltp_read_only-0.2,88c190g_64-1000000-4-oltp_write_only-1.0,41,41,3,79,0.037975
112c125g_64-1000000-4-oltp_read_only-0.2,8c12g_10-4-4-tpcc-nan,41,25,0,66,0.0
112c125g_64-1000000-4-oltp_read_only-0.2,8c12g_100-4-4-tpcc-nan,41,25,0,66,0.0
112c125g_64-1000000-4-oltp_read_only-0.2,8c12g_50-4-4-tpcc-nan,41,25,0,66,0.0
112c125g_64-1000000-4-oltp_read_only-0.2,8c12g_64-100000-4-oltp_read_only-0.2,41,25,0,66,0.0
112c125g_64-1000000-4-oltp_read_only-0.2,8c12g_64-100000-4-oltp_read_only-0.6,41,25,0,66,0.0
112c125g_64-1000000-4-oltp_read_only-0.2,8c12g_64-100000-4-oltp_read_only-1.0,41,25,0,66,0.0
112c125g_64-1000000-4-oltp_read_only-0.2,8c12g_64-100000-4-oltp_read_write_20-0.2,41,25,0,66,0.0
112c125g_64-1000000-4-oltp_read_only-0.2,8c12g_64-100000-4-oltp_read_write_20-0.6,41,25,0,66,0.0
112c125g_64-1000000-4-oltp_read_only-0.2,8c12g_64-100000-4-oltp_read_write_20-1.0,41,25,0,66,0.0
112c125g_64-1000000-4-oltp_read_only-0.2,8c12g_64-100000-4-oltp_read_write_5-0.2,41,25,0,66,0.0
112c125g_64-1000000-4-oltp_read_only-0.2,8c12g_64-100000-4-oltp_read_write_5-0.6,41,25,0,66,0.0
112c125g_64-1000000-4-oltp_read_only-0.2,8c12g_64-100000-4-oltp_read_write_5-1.0,41,25,0,66,0.0
112c125g_64-1000000-4-oltp_read_only-0.2,8c12g_64-100000-4-oltp_read_write_50-0.2,41,25,0,66,0.0
112c125g_64-1000000-4-oltp_read_only-0.2,8c12g_64-100000-4-oltp_read_write_50-0.6,41,25,0,66,0.0
112c125g_64-1000000-4-oltp_read_only-0.2,8c12g_64-100000-4-oltp_read_write_50-1.0,41,25,0,66,0.0
112c125g_64-1000000-4-oltp_read_only-0.2,8c12g_64-100000-4-oltp_read_write_80-0.2,41,25,0,66,0.0
112c125g_64-1000000-4-oltp_read_only-0.2,8c12g_64-100000-4-oltp_read_write_80-0.6,41,25,0,66,0.0
112c125g_64-1000000-4-oltp_read_only-0.2,8c12g_64-100000-4-oltp_read_write_80-1.0,41,25,0,66,0.0
112c125g_64-1000000-4-oltp_read_only-0.2,8c12g_64-100000-4-oltp_read_write_95-0.2,41,25,0,66,0.0
112c125g_64-1000000-4-oltp_read_only-0.2,8c12g_64-100000-4-oltp_read_write_95-0.6,41,25,0,66,0.0
112c125g_64-1000000-4-oltp_read_only-0.2,8c12g_64-100000-4-oltp_read_write_95-1.0,41,25,0,66,0.0
112c125g_64-1000000-4-oltp_read_only-0.2,8c12g_64-100000-4-oltp_write_only-0.2,41,25,0,66,0.0
112c125g_64-1000000-4-oltp_read_only-0.2,8c12g_64-100000-4-oltp_write_only-0.6,41,25,0,66,0.0
112c125g_64-1000000-4-oltp_read_only-0.2,8c12g_64-100000-4-oltp_write_only-1.0,41,25,0,66,0.0
112c125g_64-1000000-4-oltp_read_only-0.2,8c12g_64-1000000-4-oltp_read_only-0.2,41,25,0,66,0.0
112c125g_64-1000000-4-oltp_read_only-0.2,8c12g_64-1000000-4-oltp_read_only-0.6,41,25,0,66,0.0
112c125g_64-1000000-4-oltp_read_only-0.2,8c12g_64-1000000-4-oltp_read_only-1.0,41,25,0,66,0.0
112c125g_64-1000000-4-oltp_read_only-0.2,8c12g_64-1000000-4-oltp_read_write_20-0.2,41,25,0,66,0.0
112c125g_64-1000000-4-oltp_read_only-0.2,8c12g_64-1000000-4-oltp_read_write_20-0.6,41,25,0,66,0.0
112c125g_64-1000000-4-oltp_read_only-0.2,8c12g_64-1000000-4-oltp_read_write_20-1.0,41,25,0,66,0.0
112c125g_64-1000000-4-oltp_read_only-0.2,8c12g_64-1000000-4-oltp_read_write_5-0.2,41,25,0,66,0.0
112c125g_64-1000000-4-oltp_read_only-0.2,8c12g_64-1000000-4-oltp_read_write_5-0.6,41,25,0,66,0.0
112c125g_64-1000000-4-oltp_read_only-0.2,8c12g_64-1000000-4-oltp_read_write_5-1.0,41,25,0,66,0.0
112c125g_64-1000000-4-oltp_read_only-0.2,8c12g_64-1000000-4-oltp_read_write_50-0.2,41,25,0,66,0.0
112c125g_64-1000000-4-oltp_read_only-0.2,8c12g_64-1000000-4-oltp_read_write_50-0.6,41,25,0,66,0.0
112c125g_64-1000000-4-oltp_read_only-0.2,8c12g_64-1000000-4-oltp_read_write_50-1.0,41,25,0,66,0.0
112c125g_64-1000000-4-oltp_read_only-0.2,8c12g_64-1000000-4-oltp_read_write_80-0.2,41,25,0,66,0.0
112c125g_64-1000000-4-oltp_read_only-0.2,8c12g_64-1000000-4-oltp_read_write_80-0.6,41,25,0,66,0.0
112c125g_64-1000000-4-oltp_read_only-0.2,8c12g_64-1000000-4-oltp_read_write_80-1.0,41,25,0,66,0.0
112c125g_64-1000000-4-oltp_read_only-0.2,8c12g_64-1000000-4-oltp_read_write_95-0.2,41,25,0,66,0.0
112c125g_64-1000000-4-oltp_read_only-0.2,8c12g_64-1000000-4-oltp_read_write_95-0.6,41,25,0,66,0.0
112c125g_64-1000000-4-oltp_read_only-0.2,8c12g_64-1000000-4-oltp_read_write_95-1.0,41,25,0,66,0.0
112c125g_64-1000000-4-oltp_read_only-0.2,8c12g_64-1000000-4-oltp_write_only-0.2,41,25,0,66,0.0
112c125g_64-1000000-4-oltp_read_only-0.2,8c12g_64-1000000-4-oltp_write_only-0.6,41,25,0,66,0.0
112c125g_64-1000000-4-oltp_read_only-0.2,8c12g_64-1000000-4-oltp_write_only-1.0,41,25,0,66,0.0
112c125g_64-1000000-4-oltp_read_write_50-0.2,12c16g_10-4-4-tpcc-nan,41,30,8,63,0.126984
112c125g_64-1000000-4-oltp_read_write_50-0.2,12c16g_100-4-4-tpcc-nan,41,30,7,64,0.109375
112c125g_64-1000000-4-oltp_read_write_50-0.2,12c16g_50-4-4-tpcc-nan,41,30,11,60,0.183333
112c125g_64-1000000-4-oltp_read_write_50-0.2,12c16g_64-100000-4-oltp_read_only-0.2,41,30,3,68,0.044118
112c125g_64-1000000-4-oltp_read_write_50-0.2,12c16g_64-100000-4-oltp_read_only-0.6,41,30,5,66,0.075758
112c125g_64-1000000-4-oltp_read_write_50-0.2,12c16g_64-100000-4-oltp_read_only-1.0,41,30,1,70,0.014286
112c125g_64-1000000-4-oltp_read_write_50-0.2,12c16g_64-100000-4-oltp_read_write_20-0.2,41,30,11,60,0.183333
112c125g_64-1000000-4-oltp_read_write_50-0.2,12c16g_64-100000-4-oltp_read_write_20-0.6,41,30,11,60,0.183333
112c125g_64-1000000-4-oltp_read_write_50-0.2,12c16g_64-100000-4-oltp_read_write_20-1.0,41,30,0,71,0.0
112c125g_64-1000000-4-oltp_read_write_50-0.2,12c16g_64-100000-4-oltp_read_write_5-0.2,41,30,11,60,0.183333
112c125g_64-1000000-4-oltp_read_write_50-0.2,12c16g_64-100000-4-oltp_read_write_5-0.6,41,30,11,60,0.183333
112c125g_64-1000000-4-oltp_read_write_50-0.2,12c16g_64-100000-4-oltp_read_write_5-1.0,41,30,11,60,0.183333
112c125g_64-1000000-4-oltp_read_write_50-0.2,12c16g_64-100000-4-oltp_read_write_50-0.2,41,30,7,64,0.109375
112c125g_64-1000000-4-oltp_read_write_50-0.2,12c16g_64-100000-4-oltp_read_write_50-0.6,41,30,4,67,0.059701
112c125g_64-1000000-4-oltp_read_write_50-0.2,12c16g_64-100000-4-oltp_read_write_50-1.0,41,30,0,71,0.0
112c125g_64-1000000-4-oltp_read_write_50-0.2,12c16g_64-100000-4-oltp_read_write_80-0.2,41,30,7,64,0.109375
112c125g_64-1000000-4-oltp_read_write_50-0.2,12c16g_64-100000-4-oltp_read_write_80-0.6,41,30,5,66,0.075758
112c125g_64-1000000-4-oltp_read_write_50-0.2,12c16g_64-100000-4-oltp_read_write_80-1.0,41,30,0,71,0.0
112c125g_64-1000000-4-oltp_read_write_50-0.2,12c16g_64-100000-4-oltp_read_write_95-0.2,41,30,6,65,0.092308
112c125g_64-1000000-4-oltp_read_write_50-0.2,12c16g_64-100000-4-oltp_read_write_95-0.6,41,30,5,66,0.075758
112c125g_64-1000000-4-oltp_read_write_50-0.2,12c16g_64-100000-4-oltp_read_write_95-1.0,41,30,0,71,0.0
112c125g_64-1000000-4-oltp_read_write_50-0.2,12c16g_64-100000-4-oltp_write_only-0.2,41,30,0,71,0.0
112c125g_64-1000000-4-oltp_read_write_50-0.2,12c16g_64-100000-4-oltp_write_only-0.6,41,30,0,71,0.0
112c125g_64-1000000-4-oltp_read_write_50-0.2,12c16g_64-100000-4-oltp_write_only-1.0,41,30,0,71,0.0
112c125g_64-1000000-4-oltp_read_write_50-0.2,12c16g_64-1000000-4-oltp_read_only-0.2,41,30,4,67,0.059701
112c125g_64-1000000-4-oltp_read_write_50-0.2,12c16g_64-1000000-4-oltp_read_only-0.6,41,30,4,67,0.059701
112c125g_64-1000000-4-oltp_read_write_50-0.2,12c16g_64-1000000-4-oltp_read_only-1.0,41,30,0,71,0.0
112c125g_64-1000000-4-oltp_read_write_50-0.2,12c16g_64-1000000-4-oltp_read_write_20-0.2,41,30,11,60,0.183333
112c125g_64-1000000-4-oltp_read_write_50-0.2,12c16g_64-1000000-4-oltp_read_write_20-0.6,41,30,11,60,0.183333
112c125g_64-1000000-4-oltp_read_write_50-0.2,12c16g_64-1000000-4-oltp_read_write_20-1.0,41,30,9,62,0.145161
112c125g_64-1000000-4-oltp_read_write_50-0.2,12c16g_64-1000000-4-oltp_read_write_5-0.2,41,30,11,60,0.183333
112c125g_64-1000000-4-oltp_read_write_50-0.2,12c16g_64-1000000-4-oltp_read_write_5-0.6,41,30,11,60,0.183333
112c125g_64-1000000-4-oltp_read_write_50-0.2,12c16g_64-1000000-4-oltp_read_write_5-1.0,41,30,11,60,0.183333
112c125g_64-1000000-4-oltp_read_write_50-0.2,12c16g_64-1000000-4-oltp_read_write_50-0.2,41,30,6,65,0.092308
112c125g_64-1000000-4-oltp_read_write_50-0.2,12c16g_64-1000000-4-oltp_read_write_50-0.6,41,30,6,65,0.092308
112c125g_64-1000000-4-oltp_read_write_50-0.2,12c16g_64-1000000-4-oltp_read_write_50-1.0,41,30,0,71,0.0
112c125g_64-1000000-4-oltp_read_write_50-0.2,12c16g_64-1000000-4-oltp_read_write_80-0.2,41,30,6,65,0.092308
112c125g_64-1000000-4-oltp_read_write_50-0.2,12c16g_64-1000000-4-oltp_read_write_80-0.6,41,30,7,64,0.109375
112c125g_64-1000000-4-oltp_read_write_50-0.2,12c16g_64-1000000-4-oltp_read_write_80-1.0,41,30,0,71,0.0
112c125g_64-1000000-4-oltp_read_write_50-0.2,12c16g_64-1000000-4-oltp_read_write_95-0.2,41,30,5,66,0.075758
112c125g_64-1000000-4-oltp_read_write_50-0.2,12c16g_64-1000000-4-oltp_read_write_95-0.6,41,30,6,65,0.092308
112c125g_64-1000000-4-oltp_read_write_50-0.2,12c16g_64-1000000-4-oltp_read_write_95-1.0,41,30,3,68,0.044118
112c125g_64-1000000-4-oltp_read_write_50-0.2,12c16g_64-1000000-4-oltp_write_only-0.2,41,30,4,67,0.059701
112c125g_64-1000000-4-oltp_read_write_50-0.2,12c16g_64-1000000-4-oltp_write_only-0.6,41,30,0,71,0.0
112c125g_64-1000000-4-oltp_read_write_50-0.2,12c16g_64-1000000-4-oltp_write_only-1.0,41,30,0,71,0.0
112c125g_64-1000000-4-oltp_read_write_50-0.2,16c24g_10-4-4-tpcc-nan,41,33,15,59,0.254237
112c125g_64-1000000-4-oltp_read_write_50-0.2,16c24g_100-4-4-tpcc-nan,41,33,14,60,0.233333
112c125g_64-1000000-4-oltp_read_write_50-0.2,16c24g_50-4-4-tpcc-nan,41,33,17,57,0.298246
112c125g_64-1000000-4-oltp_read_write_50-0.2,16c24g_64-100000-4-oltp_read_only-0.2,41,33,3,71,0.042254
112c125g_64-1000000-4-oltp_read_write_50-0.2,16c24g_64-100000-4-oltp_read_only-0.6,41,33,4,70,0.057143
112c125g_64-1000000-4-oltp_read_write_50-0.2,16c24g_64-100000-4-oltp_read_only-1.0,41,33,1,73,0.013699
112c125g_64-1000000-4-oltp_read_write_50-0.2,16c24g_64-100000-4-oltp_read_write_20-0.2,41,33,17,57,0.298246
112c125g_64-1000000-4-oltp_read_write_50-0.2,16c24g_64-100000-4-oltp_read_write_20-0.6,41,33,17,57,0.298246
112c125g_64-1000000-4-oltp_read_write_50-0.2,16c24g_64-100000-4-oltp_read_write_20-1.0,41,33,0,74,0.0
112c125g_64-1000000-4-oltp_read_write_50-0.2,16c24g_64-100000-4-oltp_read_write_5-0.2,41,33,17,57,0.298246
112c125g_64-1000000-4-oltp_read_write_50-0.2,16c24g_64-100000-4-oltp_read_write_5-0.6,41,33,17,57,0.298246
112c125g_64-1000000-4-oltp_read_write_50-0.2,16c24g_64-100000-4-oltp_read_write_5-1.0,41,33,17,57,0.298246
112c125g_64-1000000-4-oltp_read_write_50-0.2,16c24g_64-100000-4-oltp_read_write_50-0.2,41,33,11,63,0.174603
112c125g_64-1000000-4-oltp_read_write_50-0.2,16c24g_64-100000-4-oltp_read_write_50-0.6,41,33,5,69,0.072464
112c125g_64-1000000-4-oltp_read_write_50-0.2,16c24g_64-100000-4-oltp_read_write_50-1.0,41,33,0,74,0.0
112c125g_64-1000000-4-oltp_read_write_50-0.2,16c24g_64-100000-4-oltp_read_write_80-0.2,41,33,6,68,0.088235
112c125g_64-1000000-4-oltp_read_write_50-0.2,16c24g_64-100000-4-oltp_read_write_80-0.6,41,33,4,70,0.057143
112c125g_64-1000000-4-oltp_read_write_50-0.2,16c24g_64-100000-4-oltp_read_write_80-1.0,41,33,0,74,0.0
112c125g_64-1000000-4-oltp_read_write_50-0.2,16c24g_64-100000-4-oltp_read_write_95-0.2,41,33,6,68,0.088235
112c125g_64-1000000-4-oltp_read_write_50-0.2,16c24g_64-100000-4-oltp_read_write_95-0.6,41,33,3,71,0.042254
112c125g_64-1000000-4-oltp_read_write_50-0.2,16c24g_64-100000-4-oltp_read_write_95-1.0,41,33,0,74,0.0
112c125g_64-1000000-4-oltp_read_write_50-0.2,16c24g_64-100000-4-oltp_write_only-0.2,41,33,0,74,0.0
112c125g_64-1000000-4-oltp_read_write_50-0.2,16c24g_64-100000-4-oltp_write_only-0.6,41,33,0,74,0.0
112c125g_64-1000000-4-oltp_read_write_50-0.2,16c24g_64-100000-4-oltp_write_only-1.0,41,33,0,74,0.0
112c125g_64-1000000-4-oltp_read_write_50-0.2,16c24g_64-1000000-4-oltp_read_only-0.2,41,33,2,72,0.027778
112c125g_64-1000000-4-oltp_read_write_50-0.2,16c24g_64-1000000-4-oltp_read_only-0.6,41,33,2,72,0.027778
112c125g_64-1000000-4-oltp_read_write_50-0.2,16c24g_64-1000000-4-oltp_read_only-1.0,41,33,5,69,0.072464
112c125g_64-1000000-4-oltp_read_write_50-0.2,16c24g_64-1000000-4-oltp_read_write_20-0.2,41,33,17,57,0.298246
112c125g_64-1000000-4-oltp_read_write_50-0.2,16c24g_64-1000000-4-oltp_read_write_20-0.6,41,33,17,57,0.298246
112c125g_64-1000000-4-oltp_read_write_50-0.2,16c24g_64-1000000-4-oltp_read_write_20-1.0,41,33,17,57,0.298246
112c125g_64-1000000-4-oltp_read_write_50-0.2,16c24g_64-1000000-4-oltp_read_write_5-0.2,41,33,17,57,0.298246
112c125g_64-1000000-4-oltp_read_write_50-0.2,16c24g_64-1000000-4-oltp_read_write_5-0.6,41,33,17,57,0.298246
112c125g_64-1000000-4-oltp_read_write_50-0.2,16c24g_64-1000000-4-oltp_read_write_5-1.0,41,33,17,57,0.298246
112c125g_64-1000000-4-oltp_read_write_50-0.2,16c24g_64-1000000-4-oltp_read_write_50-0.2,41,33,10,64,0.15625
112c125g_64-1000000-4-oltp_read_write_50-0.2,16c24g_64-1000000-4-oltp_read_write_50-0.6,41,33,9,65,0.138462
112c125g_64-1000000-4-oltp_read_write_50-0.2,16c24g_64-1000000-4-oltp_read_write_50-1.0,41,33,6,68,0.088235
112c125g_64-1000000-4-oltp_read_write_50-0.2,16c24g_64-1000000-4-oltp_read_write_80-0.2,41,33,9,65,0.138462
112c125g_64-1000000-4-oltp_read_write_50-0.2,16c24g_64-1000000-4-oltp_read_write_80-0.6,41,33,12,62,0.193548
112c125g_64-1000000-4-oltp_read_write_50-0.2,16c24g_64-1000000-4-oltp_read_write_80-1.0,41,33,0,74,0.0
112c125g_64-1000000-4-oltp_read_write_50-0.2,16c24g_64-1000000-4-oltp_read_write_95-0.2,41,33,8,66,0.121212
112c125g_64-1000000-4-oltp_read_write_50-0.2,16c24g_64-1000000-4-oltp_read_write_95-0.6,41,33,10,64,0.15625
112c125g_64-1000000-4-oltp_read_write_50-0.2,16c24g_64-1000000-4-oltp_read_write_95-1.0,41,33,11,63,0.174603
112c125g_64-1000000-4-oltp_read_write_50-0.2,16c24g_64-1000000-4-oltp_write_only-0.2,41,33,12,62,0.193548
112c125g_64-1000000-4-oltp_read_write_50-0.2,16c24g_64-1000000-4-oltp_write_only-0.6,41,33,1,73,0.013699
112c125g_64-1000000-4-oltp_read_write_50-0.2,16c24g_64-1000000-4-oltp_write_only-1.0,41,33,0,74,0.0
112c125g_64-1000000-4-oltp_read_write_50-0.2,24c32g_10-4-4-tpcc-nan,41,38,16,63,0.253968
112c125g_64-1000000-4-oltp_read_write_50-0.2,24c32g_100-4-4-tpcc-nan,41,38,21,58,0.362069
112c125g_64-1000000-4-oltp_read_write_50-0.2,24c32g_50-4-4-tpcc-nan,41,38,26,53,0.490566
112c125g_64-1000000-4-oltp_read_write_50-0.2,24c32g_64-100000-4-oltp_read_only-0.2,41,38,5,74,0.067568
112c125g_64-1000000-4-oltp_read_write_50-0.2,24c32g_64-100000-4-oltp_read_only-0.6,41,38,3,76,0.039474
112c125g_64-1000000-4-oltp_read_write_50-0.2,24c32g_64-100000-4-oltp_read_only-1.0,41,38,3,76,0.039474
112c125g_64-1000000-4-oltp_read_write_50-0.2,24c32g_64-100000-4-oltp_read_write_20-0.2,41,38,27,52,0.519231
112c125g_64-1000000-4-oltp_read_write_50-0.2,24c32g_64-100000-4-oltp_read_write_20-0.6,41,38,25,54,0.462963
112c125g_64-1000000-4-oltp_read_write_50-0.2,24c32g_64-100000-4-oltp_read_write_20-1.0,41,38,0,79,0.0
112c125g_64-1000000-4-oltp_read_write_50-0.2,24c32g_64-100000-4-oltp_read_write_5-0.2,41,38,27,52,0.519231
112c125g_64-1000000-4-oltp_read_write_50-0.2,24c32g_64-100000-4-oltp_read_write_5-0.6,41,38,27,52,0.519231
112c125g_64-1000000-4-oltp_read_write_50-0.2,24c32g_64-100000-4-oltp_read_write_5-1.0,41,38,20,59,0.338983
112c125g_64-1000000-4-oltp_read_write_50-0.2,24c32g_64-100000-4-oltp_read_write_50-0.2,41,38,14,65,0.215385
112c125g_64-1000000-4-oltp_read_write_50-0.2,24c32g_64-100000-4-oltp_read_write_50-0.6,41,38,7,72,0.097222
112c125g_64-1000000-4-oltp_read_write_50-0.2,24c32g_64-100000-4-oltp_read_write_50-1.0,41,38,0,79,0.0
112c125g_64-1000000-4-oltp_read_write_50-0.2,24c32g_64-100000-4-oltp_read_write_80-0.2,41,38,6,73,0.082192
112c125g_64-1000000-4-oltp_read_write_50-0.2,24c32g_64-100000-4-oltp_read_write_80-0.6,41,38,5,74,0.067568
112c125g_64-1000000-4-oltp_read_write_50-0.2,24c32g_64-100000-4-oltp_read_write_80-1.0,41,38,0,79,0.0
112c125g_64-1000000-4-oltp_read_write_50-0.2,24c32g_64-100000-4-oltp_read_write_95-0.2,41,38,8,71,0.112676
112c125g_64-1000000-4-oltp_read_write_50-0.2,24c32g_64-100000-4-oltp_read_write_95-0.6,41,38,5,74,0.067568
112c125g_64-1000000-4-oltp_read_write_50-0.2,24c32g_64-100000-4-oltp_read_write_95-1.0,41,38,0,79,0.0
112c125g_64-1000000-4-oltp_read_write_50-0.2,24c32g_64-100000-4-oltp_write_only-0.2,41,38,0,79,0.0
112c125g_64-1000000-4-oltp_read_write_50-0.2,24c32g_64-100000-4-oltp_write_only-0.6,41,38,0,79,0.0
112c125g_64-1000000-4-oltp_read_write_50-0.2,24c32g_64-100000-4-oltp_write_only-1.0,41,38,0,79,0.0
112c125g_64-1000000-4-oltp_read_write_50-0.2,24c32g_64-1000000-4-oltp_read_only-0.2,41,38,4,75,0.053333
112c125g_64-1000000-4-oltp_read_write_50-0.2,24c32g_64-1000000-4-oltp_read_only-0.6,41,38,0,79,0.0
112c125g_64-1000000-4-oltp_read_write_50-0.2,24c32g_64-1000000-4-oltp_read_only-1.0,41,38,7,72,0.097222
112c125g_64-1000000-4-oltp_read_write_50-0.2,24c32g_64-1000000-4-oltp_read_write_20-0.2,41,38,28,51,0.54902
112c125g_64-1000000-4-oltp_read_write_50-0.2,24c32g_64-1000000-4-oltp_read_write_20-0.6,41,38,28,51,0.54902
112c125g_64-1000000-4-oltp_read_write_50-0.2,24c32g_64-1000000-4-oltp_read_write_20-1.0,41,38,23,56,0.410714
112c125g_64-1000000-4-oltp_read_write_50-0.2,24c32g_64-1000000-4-oltp_read_write_5-0.2,41,38,28,51,0.54902
112c125g_64-1000000-4-oltp_read_write_50-0.2,24c32g_64-1000000-4-oltp_read_write_5-0.6,41,38,27,52,0.519231
112c125g_64-1000000-4-oltp_read_write_50-0.2,24c32g_64-1000000-4-oltp_read_write_5-1.0,41,38,24,55,0.436364
112c125g_64-1000000-4-oltp_read_write_50-0.2,24c32g_64-1000000-4-oltp_read_write_50-0.2,41,38,12,67,0.179104
112c125g_64-1000000-4-oltp_read_write_50-0.2,24c32g_64-1000000-4-oltp_read_write_50-0.6,41,38,9,70,0.128571
112c125g_64-1000000-4-oltp_read_write_50-0.2,24c32g_64-1000000-4-oltp_read_write_50-1.0,41,38,8,71,0.112676
112c125g_64-1000000-4-oltp_read_write_50-0.2,24c32g_64-1000000-4-oltp_read_write_80-0.2,41,38,14,65,0.215385
112c125g_64-1000000-4-oltp_read_write_50-0.2,24c32g_64-1000000-4-oltp_read_write_80-0.6,41,38,14,65,0.215385
112c125g_64-1000000-4-oltp_read_write_50-0.2,24c32g_64-1000000-4-oltp_read_write_80-1.0,41,38,2,77,0.025974
112c125g_64-1000000-4-oltp_read_write_50-0.2,24c32g_64-1000000-4-oltp_read_write_95-0.2,41,38,14,65,0.215385
112c125g_64-1000000-4-oltp_read_write_50-0.2,24c32g_64-1000000-4-oltp_read_write_95-0.6,41,38,14,65,0.215385
112c125g_64-1000000-4-oltp_read_write_50-0.2,24c32g_64-1000000-4-oltp_read_write_95-1.0,41,38,14,65,0.215385
112c125g_64-1000000-4-oltp_read_write_50-0.2,24c32g_64-1000000-4-oltp_write_only-0.2,41,38,8,71,0.112676
112c125g_64-1000000-4-oltp_read_write_50-0.2,24c32g_64-1000000-4-oltp_write_only-0.6,41,38,1,78,0.012821
112c125g_64-1000000-4-oltp_read_write_50-0.2,24c32g_64-1000000-4-oltp_write_only-1.0,41,38,0,79,0.0
112c125g_64-1000000-4-oltp_read_write_50-0.2,32c64g_10-4-4-tpcc-nan,41,41,20,62,0.322581
112c125g_64-1000000-4-oltp_read_write_50-0.2,32c64g_100-4-4-tpcc-nan,41,41,24,58,0.413793
112c125g_64-1000000-4-oltp_read_write_50-0.2,32c64g_50-4-4-tpcc-nan,41,41,27,55,0.490909
112c125g_64-1000000-4-oltp_read_write_50-0.2,32c64g_64-100000-4-oltp_read_only-0.2,41,41,2,80,0.025
112c125g_64-1000000-4-oltp_read_write_50-0.2,32c64g_64-100000-4-oltp_read_only-0.6,41,41,8,74,0.108108
112c125g_64-1000000-4-oltp_read_write_50-0.2,32c64g_64-100000-4-oltp_read_only-1.0,41,41,6,76,0.078947
112c125g_64-1000000-4-oltp_read_write_50-0.2,32c64g_64-100000-4-oltp_read_write_20-0.2,41,41,28,54,0.518519
112c125g_64-1000000-4-oltp_read_write_50-0.2,32c64g_64-100000-4-oltp_read_write_20-0.6,41,41,25,57,0.438596
112c125g_64-1000000-4-oltp_read_write_50-0.2,32c64g_64-100000-4-oltp_read_write_20-1.0,41,41,0,82,0.0
112c125g_64-1000000-4-oltp_read_write_50-0.2,32c64g_64-100000-4-oltp_read_write_5-0.2,41,41,30,52,0.576923
112c125g_64-1000000-4-oltp_read_write_50-0.2,32c64g_64-100000-4-oltp_read_write_5-0.6,41,41,31,51,0.607843
112c125g_64-1000000-4-oltp_read_write_50-0.2,32c64g_64-100000-4-oltp_read_write_5-1.0,41,41,20,62,0.322581
112c125g_64-1000000-4-oltp_read_write_50-0.2,32c64g_64-100000-4-oltp_read_write_50-0.2,41,41,14,68,0.205882
112c125g_64-1000000-4-oltp_read_write_50-0.2,32c64g_64-100000-4-oltp_read_write_50-0.6,41,41,7,75,0.093333
112c125g_64-1000000-4-oltp_read_write_50-0.2,32c64g_64-100000-4-oltp_read_write_50-1.0,41,41,0,82,0.0
112c125g_64-1000000-4-oltp_read_write_50-0.2,32c64g_64-100000-4-oltp_read_write_80-0.2,41,41,10,72,0.138889
112c125g_64-1000000-4-oltp_read_write_50-0.2,32c64g_64-100000-4-oltp_read_write_80-0.6,41,41,7,75,0.093333
112c125g_64-1000000-4-oltp_read_write_50-0.2,32c64g_64-100000-4-oltp_read_write_80-1.0,41,41,0,82,0.0
112c125g_64-1000000-4-oltp_read_write_50-0.2,32c64g_64-100000-4-oltp_read_write_95-0.2,41,41,9,73,0.123288
112c125g_64-1000000-4-oltp_read_write_50-0.2,32c64g_64-100000-4-oltp_read_write_95-0.6,41,41,10,72,0.138889
112c125g_64-1000000-4-oltp_read_write_50-0.2,32c64g_64-100000-4-oltp_read_write_95-1.0,41,41,0,82,0.0
112c125g_64-1000000-4-oltp_read_write_50-0.2,32c64g_64-100000-4-oltp_write_only-0.2,41,41,0,82,0.0
112c125g_64-1000000-4-oltp_read_write_50-0.2,32c64g_64-100000-4-oltp_write_only-0.6,41,41,0,82,0.0
112c125g_64-1000000-4-oltp_read_write_50-0.2,32c64g_64-100000-4-oltp_write_only-1.0,41,41,0,82,0.0
112c125g_64-1000000-4-oltp_read_write_50-0.2,32c64g_64-1000000-4-oltp_read_only-0.2,41,41,8,74,0.108108
112c125g_64-1000000-4-oltp_read_write_50-0.2,32c64g_64-1000000-4-oltp_read_only-0.6,41,41,4,78,0.051282
112c125g_64-1000000-4-oltp_read_write_50-0.2,32c64g_64-1000000-4-oltp_read_only-1.0,41,41,6,76,0.078947
112c125g_64-1000000-4-oltp_read_write_50-0.2,32c64g_64-1000000-4-oltp_read_write_20-0.2,41,41,30,52,0.576923
112c125g_64-1000000-4-oltp_read_write_50-0.2,32c64g_64-1000000-4-oltp_read_write_20-0.6,41,41,33,49,0.673469
112c125g_64-1000000-4-oltp_read_write_50-0.2,32c64g_64-1000000-4-oltp_read_write_20-1.0,41,41,23,59,0.389831
112c125g_64-1000000-4-oltp_read_write_50-0.2,32c64g_64-1000000-4-oltp_read_write_5-0.2,41,41,31,51,0.607843
112c125g_64-1000000-4-oltp_read_write_50-0.2,32c64g_64-1000000-4-oltp_read_write_5-0.6,41,41,30,52,0.576923
112c125g_64-1000000-4-oltp_read_write_50-0.2,32c64g_64-1000000-4-oltp_read_write_5-1.0,41,41,29,53,0.54717
112c125g_64-1000000-4-oltp_read_write_50-0.2,32c64g_64-1000000-4-oltp_read_write_50-0.2,41,41,12,70,0.171429
112c125g_64-1000000-4-oltp_read_write_50-0.2,32c64g_64-1000000-4-oltp_read_write_50-0.6,41,41,11,71,0.15493
112c125g_64-1000000-4-oltp_read_write_50-0.2,32c64g_64-1000000-4-oltp_read_write_50-1.0,41,41,7,75,0.093333
112c125g_64-1000000-4-oltp_read_write_50-0.2,32c64g_64-1000000-4-oltp_read_write_80-0.2,41,41,14,68,0.205882
112c125g_64-1000000-4-oltp_read_write_50-0.2,32c64g_64-1000000-4-oltp_read_write_80-0.6,41,41,15,67,0.223881
112c125g_64-1000000-4-oltp_read_write_50-0.2,32c64g_64-1000000-4-oltp_read_write_80-1.0,41,41,0,82,0.0
112c125g_64-1000000-4-oltp_read_write_50-0.2,32c64g_64-1000000-4-oltp_read_write_95-0.2,41,41,12,70,0.171429
112c125g_64-1000000-4-oltp_read_write_50-0.2,32c64g_64-1000000-4-oltp_read_write_95-0.6,41,41,21,61,0.344262
112c125g_64-1000000-4-oltp_read_write_50-0.2,32c64g_64-1000000-4-oltp_read_write_95-1.0,41,41,15,67,0.223881
112c125g_64-1000000-4-oltp_read_write_50-0.2,32c64g_64-1000000-4-oltp_write_only-0.2,41,41,12,70,0.171429
112c125g_64-1000000-4-oltp_read_write_50-0.2,32c64g_64-1000000-4-oltp_write_only-0.6,41,41,0,82,0.0
112c125g_64-1000000-4-oltp_read_write_50-0.2,32c64g_64-1000000-4-oltp_write_only-1.0,41,41,0,82,0.0
112c125g_64-1000000-4-oltp_read_write_50-0.2,4c6g_10-4-4-tpcc-nan,41,18,0,59,0.0
112c125g_64-1000000-4-oltp_read_write_50-0.2,4c6g_100-4-4-tpcc-nan,41,18,0,59,0.0
112c125g_64-1000000-4-oltp_read_write_50-0.2,4c6g_50-4-4-tpcc-nan,41,18,0,59,0.0
112c125g_64-1000000-4-oltp_read_write_50-0.2,4c6g_64-100000-4-oltp_read_only-0.2,41,18,0,59,0.0
112c125g_64-1000000-4-oltp_read_write_50-0.2,4c6g_64-100000-4-oltp_read_only-0.6,41,18,0,59,0.0
112c125g_64-1000000-4-oltp_read_write_50-0.2,4c6g_64-100000-4-oltp_read_only-1.0,41,18,0,59,0.0
112c125g_64-1000000-4-oltp_read_write_50-0.2,4c6g_64-100000-4-oltp_read_write_20-0.2,41,18,0,59,0.0
112c125g_64-1000000-4-oltp_read_write_50-0.2,4c6g_64-100000-4-oltp_read_write_20-0.6,41,18,0,59,0.0
112c125g_64-1000000-4-oltp_read_write_50-0.2,4c6g_64-100000-4-oltp_read_write_20-1.0,41,18,0,59,0.0
112c125g_64-1000000-4-oltp_read_write_50-0.2,4c6g_64-100000-4-oltp_read_write_5-0.2,41,18,0,59,0.0
112c125g_64-1000000-4-oltp_read_write_50-0.2,4c6g_64-100000-4-oltp_read_write_5-0.6,41,18,0,59,0.0
112c125g_64-1000000-4-oltp_read_write_50-0.2,4c6g_64-100000-4-oltp_read_write_5-1.0,41,18,0,59,0.0
112c125g_64-1000000-4-oltp_read_write_50-0.2,4c6g_64-100000-4-oltp_read_write_50-0.2,41,18,0,59,0.0
112c125g_64-1000000-4-oltp_read_write_50-0.2,4c6g_64-100000-4-oltp_read_write_50-0.6,41,18,0,59,0.0
112c125g_64-1000000-4-oltp_read_write_50-0.2,4c6g_64-100000-4-oltp_read_write_50-1.0,41,18,0,59,0.0
112c125g_64-1000000-4-oltp_read_write_50-0.2,4c6g_64-100000-4-oltp_read_write_80-0.2,41,18,0,59,0.0
112c125g_64-1000000-4-oltp_read_write_50-0.2,4c6g_64-100000-4-oltp_read_write_80-0.6,41,18,0,59,0.0
112c125g_64-1000000-4-oltp_read_write_50-0.2,4c6g_64-100000-4-oltp_read_write_80-1.0,41,18,0,59,0.0
112c125g_64-1000000-4-oltp_read_write_50-0.2,4c6g_64-100000-4-oltp_read_write_95-0.2,41,18,0,59,0.0
112c125g_64-1000000-4-oltp_read_write_50-0.2,4c6g_64-100000-4-oltp_read_write_95-0.6,41,18,0,59,0.0
112c125g_64-1000000-4-oltp_read_write_50-0.2,4c6g_64-100000-4-oltp_read_write_95-1.0,41,18,0,59,0.0
112c125g_64-1000000-4-oltp_read_write_50-0.2,4c6g_64-100000-4-oltp_write_only-0.2,41,18,0,59,0.0
112c125g_64-1000000-4-oltp_read_write_50-0.2,4c6g_64-100000-4-oltp_write_only-0.6,41,18,0,59,0.0
112c125g_64-1000000-4-oltp_read_write_50-0.2,4c6g_64-100000-4-oltp_write_only-1.0,41,18,0,59,0.0
112c125g_64-1000000-4-oltp_read_write_50-0.2,4c6g_64-1000000-4-oltp_read_only-0.2,41,18,0,59,0.0
112c125g_64-1000000-4-oltp_read_write_50-0.2,4c6g_64-1000000-4-oltp_read_only-0.6,41,18,0,59,0.0
112c125g_64-1000000-4-oltp_read_write_50-0.2,4c6g_64-1000000-4-oltp_read_only-1.0,41,18,0,59,0.0
112c125g_64-1000000-4-oltp_read_write_50-0.2,4c6g_64-1000000-4-oltp_read_write_20-0.2,41,18,0,59,0.0
112c125g_64-1000000-4-oltp_read_write_50-0.2,4c6g_64-1000000-4-oltp_read_write_20-0.6,41,18,0,59,0.0
112c125g_64-1000000-4-oltp_read_write_50-0.2,4c6g_64-1000000-4-oltp_read_write_20-1.0,41,18,0,59,0.0
112c125g_64-1000000-4-oltp_read_write_50-0.2,4c6g_64-1000000-4-oltp_read_write_5-0.2,41,18,0,59,0.0
112c125g_64-1000000-4-oltp_read_write_50-0.2,4c6g_64-1000000-4-oltp_read_write_5-0.6,41,18,0,59,0.0
112c125g_64-1000000-4-oltp_read_write_50-0.2,4c6g_64-1000000-4-oltp_read_write_5-1.0,41,18,0,59,0.0
112c125g_64-1000000-4-oltp_read_write_50-0.2,4c6g_64-1000000-4-oltp_read_write_50-0.2,41,18,0,59,0.0
112c125g_64-1000000-4-oltp_read_write_50-0.2,4c6g_64-1000000-4-oltp_read_write_50-0.6,41,18,0,59,0.0
112c125g_64-1000000-4-oltp_read_write_50-0.2,4c6g_64-1000000-4-oltp_read_write_50-1.0,41,18,0,59,0.0
112c125g_64-1000000-4-oltp_read_write_50-0.2,4c6g_64-1000000-4-oltp_read_write_80-0.2,41,18,0,59,0.0
112c125g_64-1000000-4-oltp_read_write_50-0.2,4c6g_64-1000000-4-oltp_read_write_80-0.6,41,18,0,59,0.0
112c125g_64-1000000-4-oltp_read_write_50-0.2,4c6g_64-1000000-4-oltp_read_write_80-1.0,41,18,0,59,0.0
112c125g_64-1000000-4-oltp_read_write_50-0.2,4c6g_64-1000000-4-oltp_read_write_95-0.2,41,18,0,59,0.0
112c125g_64-1000000-4-oltp_read_write_50-0.2,4c6g_64-1000000-4-oltp_read_write_95-0.6,41,18,0,59,0.0
112c125g_64-1000000-4-oltp_read_write_50-0.2,4c6g_64-1000000-4-oltp_read_write_95-1.0,41,18,0,59,0.0
112c125g_64-1000000-4-oltp_read_write_50-0.2,4c6g_64-1000000-4-oltp_write_only-0.2,41,18,0,59,0.0
112c125g_64-1000000-4-oltp_read_write_50-0.2,4c6g_64-1000000-4-oltp_write_only-0.6,41,18,0,59,0.0
112c125g_64-1000000-4-oltp_read_write_50-0.2,4c6g_64-1000000-4-oltp_write_only-1.0,41,18,0,59,0.0
112c125g_64-1000000-4-oltp_read_write_50-0.2,88c190g_10-4-4-tpcc-nan,41,41,6,76,0.078947
112c125g_64-1000000-4-oltp_read_write_50-0.2,88c190g_100-4-4-tpcc-nan,41,41,9,73,0.123288
112c125g_64-1000000-4-oltp_read_write_50-0.2,88c190g_64-1000000-4-oltp_read_only-0.2,41,41,5,77,0.064935
112c125g_64-1000000-4-oltp_read_write_50-0.2,88c190g_64-1000000-4-oltp_read_only-0.6,41,41,4,78,0.051282
112c125g_64-1000000-4-oltp_read_write_50-0.2,88c190g_64-1000000-4-oltp_read_only-1.0,41,41,3,79,0.037975
112c125g_64-1000000-4-oltp_read_write_50-0.2,88c190g_64-1000000-4-oltp_read_write_20-0.2,41,41,20,62,0.322581
112c125g_64-1000000-4-oltp_read_write_50-0.2,88c190g_64-1000000-4-oltp_read_write_20-0.6,41,41,20,62,0.322581
112c125g_64-1000000-4-oltp_read_write_50-0.2,88c190g_64-1000000-4-oltp_read_write_20-1.0,41,41,7,75,0.093333
112c125g_64-1000000-4-oltp_read_write_50-0.2,88c190g_64-1000000-4-oltp_read_write_5-0.2,41,41,36,46,0.782609
112c125g_64-1000000-4-oltp_read_write_50-0.2,88c190g_64-1000000-4-oltp_read_write_5-0.6,41,41,36,46,0.782609
112c125g_64-1000000-4-oltp_read_write_50-0.2,88c190g_64-1000000-4-oltp_read_write_5-1.0,41,41,32,50,0.64
112c125g_64-1000000-4-oltp_read_write_50-0.2,88c190g_64-1000000-4-oltp_read_write_50-0.2,41,41,12,70,0.171429
112c125g_64-1000000-4-oltp_read_write_50-0.2,88c190g_64-1000000-4-oltp_read_write_50-0.6,41,41,8,74,0.108108
112c125g_64-1000000-4-oltp_read_write_50-0.2,88c190g_64-1000000-4-oltp_read_write_50-1.0,41,41,7,75,0.093333
112c125g_64-1000000-4-oltp_read_write_50-0.2,88c190g_64-1000000-4-oltp_read_write_80-0.2,41,41,15,67,0.223881
112c125g_64-1000000-4-oltp_read_write_50-0.2,88c190g_64-1000000-4-oltp_read_write_80-0.6,41,41,14,68,0.205882
112c125g_64-1000000-4-oltp_read_write_50-0.2,88c190g_64-1000000-4-oltp_read_write_80-1.0,41,41,14,68,0.205882
112c125g_64-1000000-4-oltp_read_write_50-0.2,88c190g_64-1000000-4-oltp_read_write_95-0.2,41,41,22,60,0.366667
112c125g_64-1000000-4-oltp_read_write_50-0.2,88c190g_64-1000000-4-oltp_read_write_95-0.6,41,41,15,67,0.223881
112c125g_64-1000000-4-oltp_read_write_50-0.2,88c190g_64-1000000-4-oltp_read_write_95-1.0,41,41,14,68,0.205882
112c125g_64-1000000-4-oltp_read_write_50-0.2,88c190g_64-1000000-4-oltp_write_only-0.2,41,41,14,68,0.205882
112c125g_64-1000000-4-oltp_read_write_50-0.2,88c190g_64-1000000-4-oltp_write_only-0.6,41,41,7,75,0.093333
112c125g_64-1000000-4-oltp_read_write_50-0.2,88c190g_64-1000000-4-oltp_write_only-1.0,41,41,0,82,0.0
112c125g_64-1000000-4-oltp_read_write_50-0.2,8c12g_10-4-4-tpcc-nan,41,25,4,62,0.064516
112c125g_64-1000000-4-oltp_read_write_50-0.2,8c12g_100-4-4-tpcc-nan,41,25,2,64,0.03125
112c125g_64-1000000-4-oltp_read_write_50-0.2,8c12g_50-4-4-tpcc-nan,41,25,6,60,0.1
112c125g_64-1000000-4-oltp_read_write_50-0.2,8c12g_64-100000-4-oltp_read_only-0.2,41,25,1,65,0.015385
112c125g_64-1000000-4-oltp_read_write_50-0.2,8c12g_64-100000-4-oltp_read_only-0.6,41,25,1,65,0.015385
112c125g_64-1000000-4-oltp_read_write_50-0.2,8c12g_64-100000-4-oltp_read_only-1.0,41,25,1,65,0.015385
112c125g_64-1000000-4-oltp_read_write_50-0.2,8c12g_64-100000-4-oltp_read_write_20-0.2,41,25,6,60,0.1
112c125g_64-1000000-4-oltp_read_write_50-0.2,8c12g_64-100000-4-oltp_read_write_20-0.6,41,25,6,60,0.1
112c125g_64-1000000-4-oltp_read_write_50-0.2,8c12g_64-100000-4-oltp_read_write_20-1.0,41,25,0,66,0.0
112c125g_64-1000000-4-oltp_read_write_50-0.2,8c12g_64-100000-4-oltp_read_write_5-0.2,41,25,6,60,0.1
112c125g_64-1000000-4-oltp_read_write_50-0.2,8c12g_64-100000-4-oltp_read_write_5-0.6,41,25,6,60,0.1
112c125g_64-1000000-4-oltp_read_write_50-0.2,8c12g_64-100000-4-oltp_read_write_5-1.0,41,25,6,60,0.1
112c125g_64-1000000-4-oltp_read_write_50-0.2,8c12g_64-100000-4-oltp_read_write_50-0.2,41,25,6,60,0.1
112c125g_64-1000000-4-oltp_read_write_50-0.2,8c12g_64-100000-4-oltp_read_write_50-0.6,41,25,3,63,0.047619
112c125g_64-1000000-4-oltp_read_write_50-0.2,8c12g_64-100000-4-oltp_read_write_50-1.0,41,25,0,66,0.0
112c125g_64-1000000-4-oltp_read_write_50-0.2,8c12g_64-100000-4-oltp_read_write_80-0.2,41,25,4,62,0.064516
112c125g_64-1000000-4-oltp_read_write_50-0.2,8c12g_64-100000-4-oltp_read_write_80-0.6,41,25,4,62,0.064516
112c125g_64-1000000-4-oltp_read_write_50-0.2,8c12g_64-100000-4-oltp_read_write_80-1.0,41,25,0,66,0.0
112c125g_64-1000000-4-oltp_read_write_50-0.2,8c12g_64-100000-4-oltp_read_write_95-0.2,41,25,4,62,0.064516
112c125g_64-1000000-4-oltp_read_write_50-0.2,8c12g_64-100000-4-oltp_read_write_95-0.6,41,25,4,62,0.064516
112c125g_64-1000000-4-oltp_read_write_50-0.2,8c12g_64-100000-4-oltp_read_write_95-1.0,41,25,0,66,0.0
112c125g_64-1000000-4-oltp_read_write_50-0.2,8c12g_64-100000-4-oltp_write_only-0.2,41,25,0,66,0.0
112c125g_64-1000000-4-oltp_read_write_50-0.2,8c12g_64-100000-4-oltp_write_only-0.6,41,25,0,66,0.0
112c125g_64-1000000-4-oltp_read_write_50-0.2,8c12g_64-100000-4-oltp_write_only-1.0,41,25,0,66,0.0
112c125g_64-1000000-4-oltp_read_write_50-0.2,8c12g_64-1000000-4-oltp_read_only-0.2,41,25,1,65,0.015385
112c125g_64-1000000-4-oltp_read_write_50-0.2,8c12g_64-1000000-4-oltp_read_only-0.6,41,25,2,64,0.03125
112c125g_64-1000000-4-oltp_read_write_50-0.2,8c12g_64-1000000-4-oltp_read_only-1.0,41,25,2,64,0.03125
112c125g_64-1000000-4-oltp_read_write_50-0.2,8c12g_64-1000000-4-oltp_read_write_20-0.2,41,25,6,60,0.1
112c125g_64-1000000-4-oltp_read_write_50-0.2,8c12g_64-1000000-4-oltp_read_write_20-0.6,41,25,6,60,0.1
112c125g_64-1000000-4-oltp_read_write_50-0.2,8c12g_64-1000000-4-oltp_read_write_20-1.0,41,25,5,61,0.081967
112c125g_64-1000000-4-oltp_read_write_50-0.2,8c12g_64-1000000-4-oltp_read_write_5-0.2,41,25,6,60,0.1
112c125g_64-1000000-4-oltp_read_write_50-0.2,8c12g_64-1000000-4-oltp_read_write_5-0.6,41,25,6,60,0.1
112c125g_64-1000000-4-oltp_read_write_50-0.2,8c12g_64-1000000-4-oltp_read_write_5-1.0,41,25,6,60,0.1
112c125g_64-1000000-4-oltp_read_write_50-0.2,8c12g_64-1000000-4-oltp_read_write_50-0.2,41,25,4,62,0.064516
112c125g_64-1000000-4-oltp_read_write_50-0.2,8c12g_64-1000000-4-oltp_read_write_50-0.6,41,25,5,61,0.081967
112c125g_64-1000000-4-oltp_read_write_50-0.2,8c12g_64-1000000-4-oltp_read_write_50-1.0,41,25,0,66,0.0
112c125g_64-1000000-4-oltp_read_write_50-0.2,8c12g_64-1000000-4-oltp_read_write_80-0.2,41,25,4,62,0.064516
112c125g_64-1000000-4-oltp_read_write_50-0.2,8c12g_64-1000000-4-oltp_read_write_80-0.6,41,25,6,60,0.1
112c125g_64-1000000-4-oltp_read_write_50-0.2,8c12g_64-1000000-4-oltp_read_write_80-1.0,41,25,0,66,0.0
112c125g_64-1000000-4-oltp_read_write_50-0.2,8c12g_64-1000000-4-oltp_read_write_95-0.2,41,25,4,62,0.064516
112c125g_64-1000000-4-oltp_read_write_50-0.2,8c12g_64-1000000-4-oltp_read_write_95-0.6,41,25,4,62,0.064516
112c125g_64-1000000-4-oltp_read_write_50-0.2,8c12g_64-1000000-4-oltp_read_write_95-1.0,41,25,5,61,0.081967
112c125g_64-1000000-4-oltp_read_write_50-0.2,8c12g_64-1000000-4-oltp_write_only-0.2,41,25,3,63,0.047619
112c125g_64-1000000-4-oltp_read_write_50-0.2,8c12g_64-1000000-4-oltp_write_only-0.6,41,25,0,66,0.0
112c125g_64-1000000-4-oltp_read_write_50-0.2,8c12g_64-1000000-4-oltp_write_only-1.0,41,25,0,66,0.0
112c125g_64-1000000-4-oltp_write_only-0.2,12c16g_10-4-4-tpcc-nan,41,30,11,60,0.183333
112c125g_64-1000000-4-oltp_write_only-0.2,12c16g_100-4-4-tpcc-nan,41,30,5,66,0.075758
112c125g_64-1000000-4-oltp_write_only-0.2,12c16g_50-4-4-tpcc-nan,41,30,9,62,0.145161
112c125g_64-1000000-4-oltp_write_only-0.2,12c16g_64-100000-4-oltp_read_only-0.2,41,30,3,68,0.044118
112c125g_64-1000000-4-oltp_write_only-0.2,12c16g_64-100000-4-oltp_read_only-0.6,41,30,6,65,0.092308
112c125g_64-1000000-4-oltp_write_only-0.2,12c16g_64-100000-4-oltp_read_only-1.0,41,30,0,71,0.0
112c125g_64-1000000-4-oltp_write_only-0.2,12c16g_64-100000-4-oltp_read_write_20-0.2,41,30,13,58,0.224138
112c125g_64-1000000-4-oltp_write_only-0.2,12c16g_64-100000-4-oltp_read_write_20-0.6,41,30,12,59,0.20339
112c125g_64-1000000-4-oltp_write_only-0.2,12c16g_64-100000-4-oltp_read_write_20-1.0,41,30,2,69,0.028986
112c125g_64-1000000-4-oltp_write_only-0.2,12c16g_64-100000-4-oltp_read_write_5-0.2,41,30,12,59,0.20339
112c125g_64-1000000-4-oltp_write_only-0.2,12c16g_64-100000-4-oltp_read_write_5-0.6,41,30,12,59,0.20339
112c125g_64-1000000-4-oltp_write_only-0.2,12c16g_64-100000-4-oltp_read_write_5-1.0,41,30,12,59,0.20339
112c125g_64-1000000-4-oltp_write_only-0.2,12c16g_64-100000-4-oltp_read_write_50-0.2,41,30,11,60,0.183333
112c125g_64-1000000-4-oltp_write_only-0.2,12c16g_64-100000-4-oltp_read_write_50-0.6,41,30,6,65,0.092308
112c125g_64-1000000-4-oltp_write_only-0.2,12c16g_64-100000-4-oltp_read_write_50-1.0,41,30,2,69,0.028986
112c125g_64-1000000-4-oltp_write_only-0.2,12c16g_64-100000-4-oltp_read_write_80-0.2,41,30,9,62,0.145161
112c125g_64-1000000-4-oltp_write_only-0.2,12c16g_64-100000-4-oltp_read_write_80-0.6,41,30,9,62,0.145161
112c125g_64-1000000-4-oltp_write_only-0.2,12c16g_64-100000-4-oltp_read_write_80-1.0,41,30,2,69,0.028986
112c125g_64-1000000-4-oltp_write_only-0.2,12c16g_64-100000-4-oltp_read_write_95-0.2,41,30,8,63,0.126984
112c125g_64-1000000-4-oltp_write_only-0.2,12c16g_64-100000-4-oltp_read_write_95-0.6,41,30,9,62,0.145161
112c125g_64-1000000-4-oltp_write_only-0.2,12c16g_64-100000-4-oltp_read_write_95-1.0,41,30,2,69,0.028986
112c125g_64-1000000-4-oltp_write_only-0.2,12c16g_64-100000-4-oltp_write_only-0.2,41,30,2,69,0.028986
112c125g_64-1000000-4-oltp_write_only-0.2,12c16g_64-100000-4-oltp_write_only-0.6,41,30,2,69,0.028986
112c125g_64-1000000-4-oltp_write_only-0.2,12c16g_64-100000-4-oltp_write_only-1.0,41,30,2,69,0.028986
112c125g_64-1000000-4-oltp_write_only-0.2,12c16g_64-1000000-4-oltp_read_only-0.2,41,30,3,68,0.044118
112c125g_64-1000000-4-oltp_write_only-0.2,12c16g_64-1000000-4-oltp_read_only-0.6,41,30,2,69,0.028986
112c125g_64-1000000-4-oltp_write_only-0.2,12c16g_64-1000000-4-oltp_read_only-1.0,41,30,0,71,0.0
112c125g_64-1000000-4-oltp_write_only-0.2,12c16g_64-1000000-4-oltp_read_write_20-0.2,41,30,9,62,0.145161
112c125g_64-1000000-4-oltp_write_only-0.2,12c16g_64-1000000-4-oltp_read_write_20-0.6,41,30,9,62,0.145161
112c125g_64-1000000-4-oltp_write_only-0.2,12c16g_64-1000000-4-oltp_read_write_20-1.0,41,30,8,63,0.126984
112c125g_64-1000000-4-oltp_write_only-0.2,12c16g_64-1000000-4-oltp_read_write_5-0.2,41,30,11,60,0.183333
112c125g_64-1000000-4-oltp_write_only-0.2,12c16g_64-1000000-4-oltp_read_write_5-0.6,41,30,11,60,0.183333
112c125g_64-1000000-4-oltp_write_only-0.2,12c16g_64-1000000-4-oltp_read_write_5-1.0,41,30,12,59,0.20339
112c125g_64-1000000-4-oltp_write_only-0.2,12c16g_64-1000000-4-oltp_read_write_50-0.2,41,30,6,65,0.092308
112c125g_64-1000000-4-oltp_write_only-0.2,12c16g_64-1000000-4-oltp_read_write_50-0.6,41,30,7,64,0.109375
112c125g_64-1000000-4-oltp_write_only-0.2,12c16g_64-1000000-4-oltp_read_write_50-1.0,41,30,0,71,0.0
112c125g_64-1000000-4-oltp_write_only-0.2,12c16g_64-1000000-4-oltp_read_write_80-0.2,41,30,7,64,0.109375
112c125g_64-1000000-4-oltp_write_only-0.2,12c16g_64-1000000-4-oltp_read_write_80-0.6,41,30,7,64,0.109375
112c125g_64-1000000-4-oltp_write_only-0.2,12c16g_64-1000000-4-oltp_read_write_80-1.0,41,30,2,69,0.028986
112c125g_64-1000000-4-oltp_write_only-0.2,12c16g_64-1000000-4-oltp_read_write_95-0.2,41,30,4,67,0.059701
112c125g_64-1000000-4-oltp_write_only-0.2,12c16g_64-1000000-4-oltp_read_write_95-0.6,41,30,6,65,0.092308
112c125g_64-1000000-4-oltp_write_only-0.2,12c16g_64-1000000-4-oltp_read_write_95-1.0,41,30,4,67,0.059701
112c125g_64-1000000-4-oltp_write_only-0.2,12c16g_64-1000000-4-oltp_write_only-0.2,41,30,4,67,0.059701
112c125g_64-1000000-4-oltp_write_only-0.2,12c16g_64-1000000-4-oltp_write_only-0.6,41,30,2,69,0.028986
112c125g_64-1000000-4-oltp_write_only-0.2,12c16g_64-1000000-4-oltp_write_only-1.0,41,30,2,69,0.028986
112c125g_64-1000000-4-oltp_write_only-0.2,16c24g_10-4-4-tpcc-nan,41,33,16,58,0.275862
112c125g_64-1000000-4-oltp_write_only-0.2,16c24g_100-4-4-tpcc-nan,41,33,9,65,0.138462
112c125g_64-1000000-4-oltp_write_only-0.2,16c24g_50-4-4-tpcc-nan,41,33,12,62,0.193548
112c125g_64-1000000-4-oltp_write_only-0.2,16c24g_64-100000-4-oltp_read_only-0.2,41,33,2,72,0.027778
112c125g_64-1000000-4-oltp_write_only-0.2,16c24g_64-100000-4-oltp_read_only-0.6,41,33,5,69,0.072464
112c125g_64-1000000-4-oltp_write_only-0.2,16c24g_64-100000-4-oltp_read_only-1.0,41,33,0,74,0.0
112c125g_64-1000000-4-oltp_write_only-0.2,16c24g_64-100000-4-oltp_read_write_20-0.2,41,33,16,58,0.275862
112c125g_64-1000000-4-oltp_write_only-0.2,16c24g_64-100000-4-oltp_read_write_20-0.6,41,33,16,58,0.275862
112c125g_64-1000000-4-oltp_write_only-0.2,16c24g_64-100000-4-oltp_read_write_20-1.0,41,33,2,72,0.027778
112c125g_64-1000000-4-oltp_write_only-0.2,16c24g_64-100000-4-oltp_read_write_5-0.2,41,33,16,58,0.275862
112c125g_64-1000000-4-oltp_write_only-0.2,16c24g_64-100000-4-oltp_read_write_5-0.6,41,33,16,58,0.275862
112c125g_64-1000000-4-oltp_write_only-0.2,16c24g_64-100000-4-oltp_read_write_5-1.0,41,33,16,58,0.275862
112c125g_64-1000000-4-oltp_write_only-0.2,16c24g_64-100000-4-oltp_read_write_50-0.2,41,33,15,59,0.254237
112c125g_64-1000000-4-oltp_write_only-0.2,16c24g_64-100000-4-oltp_read_write_50-0.6,41,33,7,67,0.104478
112c125g_64-1000000-4-oltp_write_only-0.2,16c24g_64-100000-4-oltp_read_write_50-1.0,41,33,2,72,0.027778
112c125g_64-1000000-4-oltp_write_only-0.2,16c24g_64-100000-4-oltp_read_write_80-0.2,41,33,6,68,0.088235
112c125g_64-1000000-4-oltp_write_only-0.2,16c24g_64-100000-4-oltp_read_write_80-0.6,41,33,7,67,0.104478
112c125g_64-1000000-4-oltp_write_only-0.2,16c24g_64-100000-4-oltp_read_write_80-1.0,41,33,2,72,0.027778
112c125g_64-1000000-4-oltp_write_only-0.2,16c24g_64-100000-4-oltp_read_write_95-0.2,41,33,7,67,0.104478
112c125g_64-1000000-4-oltp_write_only-0.2,16c24g_64-100000-4-oltp_read_write_95-0.6,41,33,5,69,0.072464
112c125g_64-1000000-4-oltp_write_only-0.2,16c24g_64-100000-4-oltp_read_write_95-1.0,41,33,2,72,0.027778
112c125g_64-1000000-4-oltp_write_only-0.2,16c24g_64-100000-4-oltp_write_only-0.2,41,33,2,72,0.027778
112c125g_64-1000000-4-oltp_write_only-0.2,16c24g_64-100000-4-oltp_write_only-0.6,41,33,2,72,0.027778
112c125g_64-1000000-4-oltp_write_only-0.2,16c24g_64-100000-4-oltp_write_only-1.0,41,33,2,72,0.027778
112c125g_64-1000000-4-oltp_write_only-0.2,16c24g_64-1000000-4-oltp_read_only-0.2,41,33,1,73,0.013699
112c125g_64-1000000-4-oltp_write_only-0.2,16c24g_64-1000000-4-oltp_read_only-0.6,41,33,2,72,0.027778
112c125g_64-1000000-4-oltp_write_only-0.2,16c24g_64-1000000-4-oltp_read_only-1.0,41,33,3,71,0.042254
112c125g_64-1000000-4-oltp_write_only-0.2,16c24g_64-1000000-4-oltp_read_write_20-0.2,41,33,13,61,0.213115
112c125g_64-1000000-4-oltp_write_only-0.2,16c24g_64-1000000-4-oltp_read_write_20-0.6,41,33,14,60,0.233333
112c125g_64-1000000-4-oltp_write_only-0.2,16c24g_64-1000000-4-oltp_read_write_20-1.0,41,33,17,57,0.298246
112c125g_64-1000000-4-oltp_write_only-0.2,16c24g_64-1000000-4-oltp_read_write_5-0.2,41,33,13,61,0.213115
112c125g_64-1000000-4-oltp_write_only-0.2,16c24g_64-1000000-4-oltp_read_write_5-0.6,41,33,14,60,0.233333
112c125g_64-1000000-4-oltp_write_only-0.2,16c24g_64-1000000-4-oltp_read_write_5-1.0,41,33,18,56,0.321429
112c125g_64-1000000-4-oltp_write_only-0.2,16c24g_64-1000000-4-oltp_read_write_50-0.2,41,33,10,64,0.15625
112c125g_64-1000000-4-oltp_write_only-0.2,16c24g_64-1000000-4-oltp_read_write_50-0.6,41,33,10,64,0.15625
112c125g_64-1000000-4-oltp_write_only-0.2,16c24g_64-1000000-4-oltp_read_write_50-1.0,41,33,8,66,0.121212
112c125g_64-1000000-4-oltp_write_only-0.2,16c24g_64-1000000-4-oltp_read_write_80-0.2,41,33,8,66,0.121212
112c125g_64-1000000-4-oltp_write_only-0.2,16c24g_64-1000000-4-oltp_read_write_80-0.6,41,33,12,62,0.193548
112c125g_64-1000000-4-oltp_write_only-0.2,16c24g_64-1000000-4-oltp_read_write_80-1.0,41,33,2,72,0.027778
112c125g_64-1000000-4-oltp_write_only-0.2,16c24g_64-1000000-4-oltp_read_write_95-0.2,41,33,8,66,0.121212
112c125g_64-1000000-4-oltp_write_only-0.2,16c24g_64-1000000-4-oltp_read_write_95-0.6,41,33,8,66,0.121212
112c125g_64-1000000-4-oltp_write_only-0.2,16c24g_64-1000000-4-oltp_read_write_95-1.0,41,33,11,63,0.174603
112c125g_64-1000000-4-oltp_write_only-0.2,16c24g_64-1000000-4-oltp_write_only-0.2,41,33,15,59,0.254237
112c125g_64-1000000-4-oltp_write_only-0.2,16c24g_64-1000000-4-oltp_write_only-0.6,41,33,4,70,0.057143
112c125g_64-1000000-4-oltp_write_only-0.2,16c24g_64-1000000-4-oltp_write_only-1.0,41,33,2,72,0.027778
112c125g_64-1000000-4-oltp_write_only-0.2,24c32g_10-4-4-tpcc-nan,41,38,18,61,0.295082
112c125g_64-1000000-4-oltp_write_only-0.2,24c32g_100-4-4-tpcc-nan,41,38,15,64,0.234375
112c125g_64-1000000-4-oltp_write_only-0.2,24c32g_50-4-4-tpcc-nan,41,38,19,60,0.316667
112c125g_64-1000000-4-oltp_write_only-0.2,24c32g_64-100000-4-oltp_read_only-0.2,41,38,8,71,0.112676
112c125g_64-1000000-4-oltp_write_only-0.2,24c32g_64-100000-4-oltp_read_only-0.6,41,38,4,75,0.053333
112c125g_64-1000000-4-oltp_write_only-0.2,24c32g_64-100000-4-oltp_read_only-1.0,41,38,5,74,0.067568
112c125g_64-1000000-4-oltp_write_only-0.2,24c32g_64-100000-4-oltp_read_write_20-0.2,41,38,21,58,0.362069
112c125g_64-1000000-4-oltp_write_only-0.2,24c32g_64-100000-4-oltp_read_write_20-0.6,41,38,20,59,0.338983
112c125g_64-1000000-4-oltp_write_only-0.2,24c32g_64-100000-4-oltp_read_write_20-1.0,41,38,2,77,0.025974
112c125g_64-1000000-4-oltp_write_only-0.2,24c32g_64-100000-4-oltp_read_write_5-0.2,41,38,22,57,0.385965
112c125g_64-1000000-4-oltp_write_only-0.2,24c32g_64-100000-4-oltp_read_write_5-0.6,41,38,22,57,0.385965
112c125g_64-1000000-4-oltp_write_only-0.2,24c32g_64-100000-4-oltp_read_write_5-1.0,41,38,18,61,0.295082
112c125g_64-1000000-4-oltp_write_only-0.2,24c32g_64-100000-4-oltp_read_write_50-0.2,41,38,18,61,0.295082
112c125g_64-1000000-4-oltp_write_only-0.2,24c32g_64-100000-4-oltp_read_write_50-0.6,41,38,9,70,0.128571
112c125g_64-1000000-4-oltp_write_only-0.2,24c32g_64-100000-4-oltp_read_write_50-1.0,41,38,2,77,0.025974
112c125g_64-1000000-4-oltp_write_only-0.2,24c32g_64-100000-4-oltp_read_write_80-0.2,41,38,8,71,0.112676
112c125g_64-1000000-4-oltp_write_only-0.2,24c32g_64-100000-4-oltp_read_write_80-0.6,41,38,8,71,0.112676
112c125g_64-1000000-4-oltp_write_only-0.2,24c32g_64-100000-4-oltp_read_write_80-1.0,41,38,2,77,0.025974
112c125g_64-1000000-4-oltp_write_only-0.2,24c32g_64-100000-4-oltp_read_write_95-0.2,41,38,8,71,0.112676
112c125g_64-1000000-4-oltp_write_only-0.2,24c32g_64-100000-4-oltp_read_write_95-0.6,41,38,7,72,0.097222
112c125g_64-1000000-4-oltp_write_only-0.2,24c32g_64-100000-4-oltp_read_write_95-1.0,41,38,2,77,0.025974
112c125g_64-1000000-4-oltp_write_only-0.2,24c32g_64-100000-4-oltp_write_only-0.2,41,38,2,77,0.025974
112c125g_64-1000000-4-oltp_write_only-0.2,24c32g_64-100000-4-oltp_write_only-0.6,41,38,2,77,0.025974
112c125g_64-1000000-4-oltp_write_only-0.2,24c32g_64-100000-4-oltp_write_only-1.0,41,38,2,77,0.025974
112c125g_64-1000000-4-oltp_write_only-0.2,24c32g_64-1000000-4-oltp_read_only-0.2,41,38,2,77,0.025974
112c125g_64-1000000-4-oltp_write_only-0.2,24c32g_64-1000000-4-oltp_read_only-0.6,41,38,1,78,0.012821
112c125g_64-1000000-4-oltp_write_only-0.2,24c32g_64-1000000-4-oltp_read_only-1.0,41,38,8,71,0.112676
112c125g_64-1000000-4-oltp_write_only-0.2,24c32g_64-1000000-4-oltp_read_write_20-0.2,41,38,20,59,0.338983
112c125g_64-1000000-4-oltp_write_only-0.2,24c32g_64-1000000-4-oltp_read_write_20-0.6,41,38,18,61,0.295082
112c125g_64-1000000-4-oltp_write_only-0.2,24c32g_64-1000000-4-oltp_read_write_20-1.0,41,38,21,58,0.362069
112c125g_64-1000000-4-oltp_write_only-0.2,24c32g_64-1000000-4-oltp_read_write_5-0.2,41,38,18,61,0.295082
112c125g_64-1000000-4-oltp_write_only-0.2,24c32g_64-1000000-4-oltp_read_write_5-0.6,41,38,18,61,0.295082
112c125g_64-1000000-4-oltp_write_only-0.2,24c32g_64-1000000-4-oltp_read_write_5-1.0,41,38,21,58,0.362069
112c125g_64-1000000-4-oltp_write_only-0.2,24c32g_64-1000000-4-oltp_read_write_50-0.2,41,38,13,66,0.19697
112c125g_64-1000000-4-oltp_write_only-0.2,24c32g_64-1000000-4-oltp_read_write_50-0.6,41,38,10,69,0.144928
112c125g_64-1000000-4-oltp_write_only-0.2,24c32g_64-1000000-4-oltp_read_write_50-1.0,41,38,9,70,0.128571
112c125g_64-1000000-4-oltp_write_only-0.2,24c32g_64-1000000-4-oltp_read_write_80-0.2,41,38,15,64,0.234375
112c125g_64-1000000-4-oltp_write_only-0.2,24c32g_64-1000000-4-oltp_read_write_80-0.6,41,38,14,65,0.215385
112c125g_64-1000000-4-oltp_write_only-0.2,24c32g_64-1000000-4-oltp_read_write_80-1.0,41,38,4,75,0.053333
112c125g_64-1000000-4-oltp_write_only-0.2,24c32g_64-1000000-4-oltp_read_write_95-0.2,41,38,12,67,0.179104
112c125g_64-1000000-4-oltp_write_only-0.2,24c32g_64-1000000-4-oltp_read_write_95-0.6,41,38,13,66,0.19697
112c125g_64-1000000-4-oltp_write_only-0.2,24c32g_64-1000000-4-oltp_read_write_95-1.0,41,38,14,65,0.215385
112c125g_64-1000000-4-oltp_write_only-0.2,24c32g_64-1000000-4-oltp_write_only-0.2,41,38,9,70,0.128571
112c125g_64-1000000-4-oltp_write_only-0.2,24c32g_64-1000000-4-oltp_write_only-0.6,41,38,2,77,0.025974
112c125g_64-1000000-4-oltp_write_only-0.2,24c32g_64-1000000-4-oltp_write_only-1.0,41,38,2,77,0.025974
112c125g_64-1000000-4-oltp_write_only-0.2,32c64g_10-4-4-tpcc-nan,41,41,18,64,0.28125
112c125g_64-1000000-4-oltp_write_only-0.2,32c64g_100-4-4-tpcc-nan,41,41,19,63,0.301587
112c125g_64-1000000-4-oltp_write_only-0.2,32c64g_50-4-4-tpcc-nan,41,41,21,61,0.344262
112c125g_64-1000000-4-oltp_write_only-0.2,32c64g_64-100000-4-oltp_read_only-0.2,41,41,1,81,0.012346
112c125g_64-1000000-4-oltp_write_only-0.2,32c64g_64-100000-4-oltp_read_only-0.6,41,41,8,74,0.108108
112c125g_64-1000000-4-oltp_write_only-0.2,32c64g_64-100000-4-oltp_read_only-1.0,41,41,4,78,0.051282
112c125g_64-1000000-4-oltp_write_only-0.2,32c64g_64-100000-4-oltp_read_write_20-0.2,41,41,24,58,0.413793
112c125g_64-1000000-4-oltp_write_only-0.2,32c64g_64-100000-4-oltp_read_write_20-0.6,41,41,20,62,0.322581
112c125g_64-1000000-4-oltp_write_only-0.2,32c64g_64-100000-4-oltp_read_write_20-1.0,41,41,2,80,0.025
112c125g_64-1000000-4-oltp_write_only-0.2,32c64g_64-100000-4-oltp_read_write_5-0.2,41,41,30,52,0.576923
112c125g_64-1000000-4-oltp_write_only-0.2,32c64g_64-100000-4-oltp_read_write_5-0.6,41,41,30,52,0.576923
112c125g_64-1000000-4-oltp_write_only-0.2,32c64g_64-100000-4-oltp_read_write_5-1.0,41,41,18,64,0.28125
112c125g_64-1000000-4-oltp_write_only-0.2,32c64g_64-100000-4-oltp_read_write_50-0.2,41,41,18,64,0.28125
112c125g_64-1000000-4-oltp_write_only-0.2,32c64g_64-100000-4-oltp_read_write_50-0.6,41,41,9,73,0.123288
112c125g_64-1000000-4-oltp_write_only-0.2,32c64g_64-100000-4-oltp_read_write_50-1.0,41,41,2,80,0.025
112c125g_64-1000000-4-oltp_write_only-0.2,32c64g_64-100000-4-oltp_read_write_80-0.2,41,41,12,70,0.171429
112c125g_64-1000000-4-oltp_write_only-0.2,32c64g_64-100000-4-oltp_read_write_80-0.6,41,41,10,72,0.138889
112c125g_64-1000000-4-oltp_write_only-0.2,32c64g_64-100000-4-oltp_read_write_80-1.0,41,41,2,80,0.025
112c125g_64-1000000-4-oltp_write_only-0.2,32c64g_64-100000-4-oltp_read_write_95-0.2,41,41,11,71,0.15493
112c125g_64-1000000-4-oltp_write_only-0.2,32c64g_64-100000-4-oltp_read_write_95-0.6,41,41,10,72,0.138889
112c125g_64-1000000-4-oltp_write_only-0.2,32c64g_64-100000-4-oltp_read_write_95-1.0,41,41,2,80,0.025
112c125g_64-1000000-4-oltp_write_only-0.2,32c64g_64-100000-4-oltp_write_only-0.2,41,41,2,80,0.025
112c125g_64-1000000-4-oltp_write_only-0.2,32c64g_64-100000-4-oltp_write_only-0.6,41,41,2,80,0.025
112c125g_64-1000000-4-oltp_write_only-0.2,32c64g_64-100000-4-oltp_write_only-1.0,41,41,2,80,0.025
112c125g_64-1000000-4-oltp_write_only-0.2,32c64g_64-1000000-4-oltp_read_only-0.2,41,41,9,73,0.123288
112c125g_64-1000000-4-oltp_write_only-0.2,32c64g_64-1000000-4-oltp_read_only-0.6,41,41,6,76,0.078947
112c125g_64-1000000-4-oltp_write_only-0.2,32c64g_64-1000000-4-oltp_read_only-1.0,41,41,1,81,0.012346
112c125g_64-1000000-4-oltp_write_only-0.2,32c64g_64-1000000-4-oltp_read_write_20-0.2,41,41,21,61,0.344262
112c125g_64-1000000-4-oltp_write_only-0.2,32c64g_64-1000000-4-oltp_read_write_20-0.6,41,41,24,58,0.413793
112c125g_64-1000000-4-oltp_write_only-0.2,32c64g_64-1000000-4-oltp_read_write_20-1.0,41,41,19,63,0.301587
112c125g_64-1000000-4-oltp_write_only-0.2,32c64g_64-1000000-4-oltp_read_write_5-0.2,41,41,26,56,0.464286
112c125g_64-1000000-4-oltp_write_only-0.2,32c64g_64-1000000-4-oltp_read_write_5-0.6,41,41,26,56,0.464286
112c125g_64-1000000-4-oltp_write_only-0.2,32c64g_64-1000000-4-oltp_read_write_5-1.0,41,41,27,55,0.490909
112c125g_64-1000000-4-oltp_write_only-0.2,32c64g_64-1000000-4-oltp_read_write_50-0.2,41,41,14,68,0.205882
112c125g_64-1000000-4-oltp_write_only-0.2,32c64g_64-1000000-4-oltp_read_write_50-0.6,41,41,12,70,0.171429
112c125g_64-1000000-4-oltp_write_only-0.2,32c64g_64-1000000-4-oltp_read_write_50-1.0,41,41,7,75,0.093333
112c125g_64-1000000-4-oltp_write_only-0.2,32c64g_64-1000000-4-oltp_read_write_80-0.2,41,41,14,68,0.205882
112c125g_64-1000000-4-oltp_write_only-0.2,32c64g_64-1000000-4-oltp_read_write_80-0.6,41,41,15,67,0.223881
112c125g_64-1000000-4-oltp_write_only-0.2,32c64g_64-1000000-4-oltp_read_write_80-1.0,41,41,2,80,0.025
112c125g_64-1000000-4-oltp_write_only-0.2,32c64g_64-1000000-4-oltp_read_write_95-0.2,41,41,12,70,0.171429
112c125g_64-1000000-4-oltp_write_only-0.2,32c64g_64-1000000-4-oltp_read_write_95-0.6,41,41,18,64,0.28125
112c125g_64-1000000-4-oltp_write_only-0.2,32c64g_64-1000000-4-oltp_read_write_95-1.0,41,41,15,67,0.223881
112c125g_64-1000000-4-oltp_write_only-0.2,32c64g_64-1000000-4-oltp_write_only-0.2,41,41,15,67,0.223881
112c125g_64-1000000-4-oltp_write_only-0.2,32c64g_64-1000000-4-oltp_write_only-0.6,41,41,2,80,0.025
112c125g_64-1000000-4-oltp_write_only-0.2,32c64g_64-1000000-4-oltp_write_only-1.0,41,41,2,80,0.025
112c125g_64-1000000-4-oltp_write_only-0.2,4c6g_10-4-4-tpcc-nan,41,18,4,55,0.072727
112c125g_64-1000000-4-oltp_write_only-0.2,4c6g_100-4-4-tpcc-nan,41,18,2,57,0.035088
112c125g_64-1000000-4-oltp_write_only-0.2,4c6g_50-4-4-tpcc-nan,41,18,2,57,0.035088
112c125g_64-1000000-4-oltp_write_only-0.2,4c6g_64-100000-4-oltp_read_only-0.2,41,18,0,59,0.0
112c125g_64-1000000-4-oltp_write_only-0.2,4c6g_64-100000-4-oltp_read_only-0.6,41,18,2,57,0.035088
112c125g_64-1000000-4-oltp_write_only-0.2,4c6g_64-100000-4-oltp_read_only-1.0,41,18,1,58,0.017241
112c125g_64-1000000-4-oltp_write_only-0.2,4c6g_64-100000-4-oltp_read_write_20-0.2,41,18,4,55,0.072727
112c125g_64-1000000-4-oltp_write_only-0.2,4c6g_64-100000-4-oltp_read_write_20-0.6,41,18,4,55,0.072727
112c125g_64-1000000-4-oltp_write_only-0.2,4c6g_64-100000-4-oltp_read_write_20-1.0,41,18,2,57,0.035088
112c125g_64-1000000-4-oltp_write_only-0.2,4c6g_64-100000-4-oltp_read_write_5-0.2,41,18,6,53,0.113208
112c125g_64-1000000-4-oltp_write_only-0.2,4c6g_64-100000-4-oltp_read_write_5-0.6,41,18,6,53,0.113208
112c125g_64-1000000-4-oltp_write_only-0.2,4c6g_64-100000-4-oltp_read_write_5-1.0,41,18,3,56,0.053571
112c125g_64-1000000-4-oltp_write_only-0.2,4c6g_64-100000-4-oltp_read_write_50-0.2,41,18,2,57,0.035088
112c125g_64-1000000-4-oltp_write_only-0.2,4c6g_64-100000-4-oltp_read_write_50-0.6,41,18,2,57,0.035088
112c125g_64-1000000-4-oltp_write_only-0.2,4c6g_64-100000-4-oltp_read_write_50-1.0,41,18,2,57,0.035088
112c125g_64-1000000-4-oltp_write_only-0.2,4c6g_64-100000-4-oltp_read_write_80-0.2,41,18,4,55,0.072727
112c125g_64-1000000-4-oltp_write_only-0.2,4c6g_64-100000-4-oltp_read_write_80-0.6,41,18,6,53,0.113208
112c125g_64-1000000-4-oltp_write_only-0.2,4c6g_64-100000-4-oltp_read_write_80-1.0,41,18,2,57,0.035088
112c125g_64-1000000-4-oltp_write_only-0.2,4c6g_64-100000-4-oltp_read_write_95-0.2,41,18,4,55,0.072727
112c125g_64-1000000-4-oltp_write_only-0.2,4c6g_64-100000-4-oltp_read_write_95-0.6,41,18,4,55,0.072727
112c125g_64-1000000-4-oltp_write_only-0.2,4c6g_64-100000-4-oltp_read_write_95-1.0,41,18,2,57,0.035088
112c125g_64-1000000-4-oltp_write_only-0.2,4c6g_64-100000-4-oltp_write_only-0.2,41,18,2,57,0.035088
112c125g_64-1000000-4-oltp_write_only-0.2,4c6g_64-100000-4-oltp_write_only-0.6,41,18,2,57,0.035088
112c125g_64-1000000-4-oltp_write_only-0.2,4c6g_64-100000-4-oltp_write_only-1.0,41,18,2,57,0.035088
112c125g_64-1000000-4-oltp_write_only-0.2,4c6g_64-1000000-4-oltp_read_only-0.2,41,18,0,59,0.0
112c125g_64-1000000-4-oltp_write_only-0.2,4c6g_64-1000000-4-oltp_read_only-0.6,41,18,1,58,0.017241
112c125g_64-1000000-4-oltp_write_only-0.2,4c6g_64-1000000-4-oltp_read_only-1.0,41,18,2,57,0.035088
112c125g_64-1000000-4-oltp_write_only-0.2,4c6g_64-1000000-4-oltp_read_write_20-0.2,41,18,4,55,0.072727
112c125g_64-1000000-4-oltp_write_only-0.2,4c6g_64-1000000-4-oltp_read_write_20-0.6,41,18,5,54,0.092593
112c125g_64-1000000-4-oltp_write_only-0.2,4c6g_64-1000000-4-oltp_read_write_20-1.0,41,18,5,54,0.092593
112c125g_64-1000000-4-oltp_write_only-0.2,4c6g_64-1000000-4-oltp_read_write_5-0.2,41,18,4,55,0.072727
112c125g_64-1000000-4-oltp_write_only-0.2,4c6g_64-1000000-4-oltp_read_write_5-0.6,41,18,6,53,0.113208
112c125g_64-1000000-4-oltp_write_only-0.2,4c6g_64-1000000-4-oltp_read_write_5-1.0,41,18,6,53,0.113208
112c125g_64-1000000-4-oltp_write_only-0.2,4c6g_64-1000000-4-oltp_read_write_50-0.2,41,18,3,56,0.053571
112c125g_64-1000000-4-oltp_write_only-0.2,4c6g_64-1000000-4-oltp_read_write_50-0.6,41,18,4,55,0.072727
112c125g_64-1000000-4-oltp_write_only-0.2,4c6g_64-1000000-4-oltp_read_write_50-1.0,41,18,3,56,0.053571
112c125g_64-1000000-4-oltp_write_only-0.2,4c6g_64-1000000-4-oltp_read_write_80-0.2,41,18,2,57,0.035088
112c125g_64-1000000-4-oltp_write_only-0.2,4c6g_64-1000000-4-oltp_read_write_80-0.6,41,18,2,57,0.035088
112c125g_64-1000000-4-oltp_write_only-0.2,4c6g_64-1000000-4-oltp_read_write_80-1.0,41,18,2,57,0.035088
112c125g_64-1000000-4-oltp_write_only-0.2,4c6g_64-1000000-4-oltp_read_write_95-0.2,41,18,2,57,0.035088
112c125g_64-1000000-4-oltp_write_only-0.2,4c6g_64-1000000-4-oltp_read_write_95-0.6,41,18,2,57,0.035088
112c125g_64-1000000-4-oltp_write_only-0.2,4c6g_64-1000000-4-oltp_read_write_95-1.0,41,18,4,55,0.072727
112c125g_64-1000000-4-oltp_write_only-0.2,4c6g_64-1000000-4-oltp_write_only-0.2,41,18,5,54,0.092593
112c125g_64-1000000-4-oltp_write_only-0.2,4c6g_64-1000000-4-oltp_write_only-0.6,41,18,6,53,0.113208
112c125g_64-1000000-4-oltp_write_only-0.2,4c6g_64-1000000-4-oltp_write_only-1.0,41,18,2,57,0.035088
112c125g_64-1000000-4-oltp_write_only-0.2,88c190g_10-4-4-tpcc-nan,41,41,8,74,0.108108
112c125g_64-1000000-4-oltp_write_only-0.2,88c190g_100-4-4-tpcc-nan,41,41,9,73,0.123288
112c125g_64-1000000-4-oltp_write_only-0.2,88c190g_64-1000000-4-oltp_read_only-0.2,41,41,4,78,0.051282
112c125g_64-1000000-4-oltp_write_only-0.2,88c190g_64-1000000-4-oltp_read_only-0.6,41,41,4,78,0.051282
112c125g_64-1000000-4-oltp_write_only-0.2,88c190g_64-1000000-4-oltp_read_only-1.0,41,41,3,79,0.037975
112c125g_64-1000000-4-oltp_write_only-0.2,88c190g_64-1000000-4-oltp_read_write_20-0.2,41,41,14,68,0.205882
112c125g_64-1000000-4-oltp_write_only-0.2,88c190g_64-1000000-4-oltp_read_write_20-0.6,41,41,14,68,0.205882
112c125g_64-1000000-4-oltp_write_only-0.2,88c190g_64-1000000-4-oltp_read_write_20-1.0,41,41,8,74,0.108108
112c125g_64-1000000-4-oltp_write_only-0.2,88c190g_64-1000000-4-oltp_read_write_5-0.2,41,41,26,56,0.464286
112c125g_64-1000000-4-oltp_write_only-0.2,88c190g_64-1000000-4-oltp_read_write_5-0.6,41,41,27,55,0.490909
112c125g_64-1000000-4-oltp_write_only-0.2,88c190g_64-1000000-4-oltp_read_write_5-1.0,41,41,26,56,0.464286
112c125g_64-1000000-4-oltp_write_only-0.2,88c190g_64-1000000-4-oltp_read_write_50-0.2,41,41,12,70,0.171429
112c125g_64-1000000-4-oltp_write_only-0.2,88c190g_64-1000000-4-oltp_read_write_50-0.6,41,41,9,73,0.123288
112c125g_64-1000000-4-oltp_write_only-0.2,88c190g_64-1000000-4-oltp_read_write_50-1.0,41,41,8,74,0.108108
112c125g_64-1000000-4-oltp_write_only-0.2,88c190g_64-1000000-4-oltp_read_write_80-0.2,41,41,16,66,0.242424
112c125g_64-1000000-4-oltp_write_only-0.2,88c190g_64-1000000-4-oltp_read_write_80-0.6,41,41,16,66,0.242424
112c125g_64-1000000-4-oltp_write_only-0.2,88c190g_64-1000000-4-oltp_read_write_80-1.0,41,41,15,67,0.223881
112c125g_64-1000000-4-oltp_write_only-0.2,88c190g_64-1000000-4-oltp_read_write_95-0.2,41,41,19,63,0.301587
112c125g_64-1000000-4-oltp_write_only-0.2,88c190g_64-1000000-4-oltp_read_write_95-0.6,41,41,16,66,0.242424
112c125g_64-1000000-4-oltp_write_only-0.2,88c190g_64-1000000-4-oltp_read_write_95-1.0,41,41,14,68,0.205882
112c125g_64-1000000-4-oltp_write_only-0.2,88c190g_64-1000000-4-oltp_write_only-0.2,41,41,16,66,0.242424
112c125g_64-1000000-4-oltp_write_only-0.2,88c190g_64-1000000-4-oltp_write_only-0.6,41,41,8,74,0.108108
112c125g_64-1000000-4-oltp_write_only-0.2,88c190g_64-1000000-4-oltp_write_only-1.0,41,41,3,79,0.037975
112c125g_64-1000000-4-oltp_write_only-0.2,8c12g_10-4-4-tpcc-nan,41,25,6,60,0.1
112c125g_64-1000000-4-oltp_write_only-0.2,8c12g_100-4-4-tpcc-nan,41,25,3,63,0.047619
112c125g_64-1000000-4-oltp_write_only-0.2,8c12g_50-4-4-tpcc-nan,41,25,7,59,0.118644
112c125g_64-1000000-4-oltp_write_only-0.2,8c12g_64-100000-4-oltp_read_only-0.2,41,25,4,62,0.064516
112c125g_64-1000000-4-oltp_write_only-0.2,8c12g_64-100000-4-oltp_read_only-0.6,41,25,2,64,0.03125
112c125g_64-1000000-4-oltp_write_only-0.2,8c12g_64-100000-4-oltp_read_only-1.0,41,25,1,65,0.015385
112c125g_64-1000000-4-oltp_write_only-0.2,8c12g_64-100000-4-oltp_read_write_20-0.2,41,25,11,55,0.2
112c125g_64-1000000-4-oltp_write_only-0.2,8c12g_64-100000-4-oltp_read_write_20-0.6,41,25,11,55,0.2
112c125g_64-1000000-4-oltp_write_only-0.2,8c12g_64-100000-4-oltp_read_write_20-1.0,41,25,2,64,0.03125
112c125g_64-1000000-4-oltp_write_only-0.2,8c12g_64-100000-4-oltp_read_write_5-0.2,41,25,11,55,0.2
112c125g_64-1000000-4-oltp_write_only-0.2,8c12g_64-100000-4-oltp_read_write_5-0.6,41,25,13,53,0.245283
112c125g_64-1000000-4-oltp_write_only-0.2,8c12g_64-100000-4-oltp_read_write_5-1.0,41,25,11,55,0.2
112c125g_64-1000000-4-oltp_write_only-0.2,8c12g_64-100000-4-oltp_read_write_50-0.2,41,25,10,56,0.178571
112c125g_64-1000000-4-oltp_write_only-0.2,8c12g_64-100000-4-oltp_read_write_50-0.6,41,25,5,61,0.081967
112c125g_64-1000000-4-oltp_write_only-0.2,8c12g_64-100000-4-oltp_read_write_50-1.0,41,25,2,64,0.03125
112c125g_64-1000000-4-oltp_write_only-0.2,8c12g_64-100000-4-oltp_read_write_80-0.2,41,25,7,59,0.118644
112c125g_64-1000000-4-oltp_write_only-0.2,8c12g_64-100000-4-oltp_read_write_80-0.6,41,25,7,59,0.118644
112c125g_64-1000000-4-oltp_write_only-0.2,8c12g_64-100000-4-oltp_read_write_80-1.0,41,25,2,64,0.03125
112c125g_64-1000000-4-oltp_write_only-0.2,8c12g_64-100000-4-oltp_read_write_95-0.2,41,25,6,60,0.1
112c125g_64-1000000-4-oltp_write_only-0.2,8c12g_64-100000-4-oltp_read_write_95-0.6,41,25,7,59,0.118644
112c125g_64-1000000-4-oltp_write_only-0.2,8c12g_64-100000-4-oltp_read_write_95-1.0,41,25,2,64,0.03125
112c125g_64-1000000-4-oltp_write_only-0.2,8c12g_64-100000-4-oltp_write_only-0.2,41,25,2,64,0.03125
112c125g_64-1000000-4-oltp_write_only-0.2,8c12g_64-100000-4-oltp_write_only-0.6,41,25,2,64,0.03125
112c125g_64-1000000-4-oltp_write_only-0.2,8c12g_64-100000-4-oltp_write_only-1.0,41,25,2,64,0.03125
112c125g_64-1000000-4-oltp_write_only-0.2,8c12g_64-1000000-4-oltp_read_only-0.2,41,25,2,64,0.03125
112c125g_64-1000000-4-oltp_write_only-0.2,8c12g_64-1000000-4-oltp_read_only-0.6,41,25,2,64,0.03125
112c125g_64-1000000-4-oltp_write_only-0.2,8c12g_64-1000000-4-oltp_read_only-1.0,41,25,3,63,0.047619
112c125g_64-1000000-4-oltp_write_only-0.2,8c12g_64-1000000-4-oltp_read_write_20-0.2,41,25,7,59,0.118644
112c125g_64-1000000-4-oltp_write_only-0.2,8c12g_64-1000000-4-oltp_read_write_20-0.6,41,25,8,58,0.137931
112c125g_64-1000000-4-oltp_write_only-0.2,8c12g_64-1000000-4-oltp_read_write_20-1.0,41,25,8,58,0.137931
112c125g_64-1000000-4-oltp_write_only-0.2,8c12g_64-1000000-4-oltp_read_write_5-0.2,41,25,10,56,0.178571
112c125g_64-1000000-4-oltp_write_only-0.2,8c12g_64-1000000-4-oltp_read_write_5-0.6,41,25,11,55,0.2
112c125g_64-1000000-4-oltp_write_only-0.2,8c12g_64-1000000-4-oltp_read_write_5-1.0,41,25,13,53,0.245283
112c125g_64-1000000-4-oltp_write_only-0.2,8c12g_64-1000000-4-oltp_read_write_50-0.2,41,25,5,61,0.081967
112c125g_64-1000000-4-oltp_write_only-0.2,8c12g_64-1000000-4-oltp_read_write_50-0.6,41,25,6,60,0.1
112c125g_64-1000000-4-oltp_write_only-0.2,8c12g_64-1000000-4-oltp_read_write_50-1.0,41,25,0,66,0.0
112c125g_64-1000000-4-oltp_write_only-0.2,8c12g_64-1000000-4-oltp_read_write_80-0.2,41,25,5,61,0.081967
112c125g_64-1000000-4-oltp_write_only-0.2,8c12g_64-1000000-4-oltp_read_write_80-0.6,41,25,7,59,0.118644
112c125g_64-1000000-4-oltp_write_only-0.2,8c12g_64-1000000-4-oltp_read_write_80-1.0,41,25,2,64,0.03125
112c125g_64-1000000-4-oltp_write_only-0.2,8c12g_64-1000000-4-oltp_read_write_95-0.2,41,25,5,61,0.081967
112c125g_64-1000000-4-oltp_write_only-0.2,8c12g_64-1000000-4-oltp_read_write_95-0.6,41,25,5,61,0.081967
112c125g_64-1000000-4-oltp_write_only-0.2,8c12g_64-1000000-4-oltp_read_write_95-1.0,41,25,5,61,0.081967
112c125g_64-1000000-4-oltp_write_only-0.2,8c12g_64-1000000-4-oltp_write_only-0.2,41,25,3,63,0.047619
112c125g_64-1000000-4-oltp_write_only-0.2,8c12g_64-1000000-4-oltp_write_only-0.6,41,25,0,66,0.0
112c125g_64-1000000-4-oltp_write_only-0.2,8c12g_64-1000000-4-oltp_write_only-1.0,41,25,2,64,0.03125
